cycle_id,avg_feed_per_day,avg_growth_feed
3458,89.97,0.38
3459,90.19,0.03
4036,12.63,0.3
4038,18.64,0.1
4039,9.02,0.05
4044,60.36,0.14
4045,60.4,0.15
4046,53.35,0.17
4047,60.75,0.16
4048,68.62,0.17
4181,12.49,0.01
4233,46.64,0.63
4238,14.62,0.09
4239,31.78,0.45
4241,27.6,0.38
4253,11.5,1.17
4254,31.42,1.67
4309,38.64,0.78
4313,16.81,0.23
4349,16.33,0.49
4442,26.7,0.47
4444,2.89,0.09
4446,23.3,0.45
4489,10.61,0.32
4491,10.69,0.53
4514,9.34,0.04
4515,13.68,0.11
4551,9.77,0.37
4552,0.88,0.04
4620,6.74,0.03
4621,4.8,0.02
4622,4.03,0.01
4666,6.31,0.18
4750,2.55,0.0
4751,2.54,0.01
4803,6.1,0.29
4887,12.82,0.43
4896,8.0,0.17
4938,7.67,0.3
4946,22.82,0.67
4957,1.1,0.0
5044,7.09,0.14
5045,6.17,2.64
5046,4.08,-0.03
5159,9.79,0.71
5222,49.09,0.24
5223,78.59,0.63
5253,6.86,0.02
5258,4.33,0.01
5435,43.44,1.24
5437,60.87,0.19
5438,70.2,1.63
5439,37.73,0.64
5441,68.15,1.64
5442,65.18,0.81
5487,14.73,0.03
5677,25.61,0.11
5731,17.67,0.39
5902,15.94,0.12
5903,15.21,0.13
5918,20.81,0.14
5919,14.28,0.11
5920,15.77,0.04
5921,16.31,0.04
6126,13.68,0.17
6319,18.12,0.18
6431,24.69,0.98
6498,28.61,0.11
6627,25.09,0.22
6628,29.24,0.74
6952,9.05,0.26
7020,5.13,0.02
7127,15.13,0.18
7130,33.22,0.68
7156,40.41,0.53
7157,35.4,0.2
7273,6.8,0.11
7276,6.8,0.11
7277,6.8,0.11
7289,6.8,0.11
7293,6.8,0.11
7303,6.8,0.11
7394,9.24,0.43
7605,12.6,0.0
7606,12.01,0.01
7615,56.62,0.73
7616,60.65,0.44
7617,46.94,0.41
7622,24.78,0.19
7876,42.71,0.34
7897,12.23,0.19
7991,32.06,0.22
7992,41.25,0.27
7993,40.53,0.26
7995,1.36,0.01
7996,1.35,0.01
7997,3.58,0.04
7998,2.56,0.02
7999,4.3,0.02
8000,31.22,0.2
8004,72.72,0.43
8005,55.87,0.24
8006,28.17,0.16
8007,54.07,0.37
8008,49.89,0.34
8010,43.24,0.26
8011,45.99,0.28
8012,21.34,0.11
8013,33.94,0.22
8014,10.79,0.06
8092,9.47,-0.03
8139,10.12,0.05
8259,15.69,0.03
8265,15.55,0.0
8266,13.76,0.0
8292,15.19,1.14
8293,7.85,0.1
8475,7.84,0.06
8476,8.98,0.36
8578,17.76,0.03
8669,4.42,0.34
8670,2.95,0.18
8674,5.88,0.44
8677,2.48,0.1
8683,200.0,
8684,12.5,11.33
8685,11.0,0.33
8687,1.69,0.16
8688,2.1,0.22
8716,15.21,-0.22
8914,3.95,0.22
8948,5.36,0.15
8963,2.27,-0.05
8985,13.0,0.0
8988,1.88,0.03
9057,14.32,-0.15
9058,7.09,0.02
9065,5.98,0.05
9089,1.19,0.05
9090,14.64,0.03
9091,14.09,0.03
9093,15.58,0.03
9094,10.95,0.03
9095,15.62,0.04
9096,15.17,0.03
9097,14.58,0.03
9098,15.15,0.03
9100,11.93,0.03
9101,15.55,0.03
9102,9.35,0.02
9103,9.16,0.02
9104,11.89,0.03
9105,12.69,0.02
9106,9.47,0.02
9112,2.65,0.21
9399,7.39,0.0
9481,2.0,0.0
9482,2.17,0.07
9484,3.45,0.12
9505,1.39,0.03
9516,5.77,0.25
9522,6.45,0.07
9545,8.01,0.02
9585,3.13,0.07
9590,3.85,0.12
9665,2.52,0.09
9877,6.76,0.01
9921,4.26,-0.01
9981,6.4,0.02
9984,12.5,0.3
9987,9.69,0.12
9988,6.43,0.03
9989,9.0,0.08
9990,12.15,0.57
9992,6.19,0.13
9993,19.51,0.24
9994,7.25,0.06
9996,7.34,0.14
9997,13.33,0.37
9998,7.21,0.15
10000,11.67,0.07
10004,40.05,0.01
10005,16.62,0.1
10006,4.75,0.02
10009,4.93,0.02
10010,6.98,0.02
10017,8.02,0.01
10018,11.94,5.46
10019,5.52,0.03
10022,5.22,0.01
10023,7.48,0.01
10025,6.18,1.9
10026,3.53,0.04
10027,3.83,0.02
10028,8.5,0.01
10029,8.58,0.05
10030,18.51,0.05
10031,8.08,0.01
10041,6.84,0.01
10042,10.33,0.03
10043,7.31,0.01
10044,8.02,0.01
10046,3.68,0.02
10070,14.9,0.0
10071,13.13,0.0
10072,14.14,0.0
10089,4.55,0.1
10090,2.75,-0.11
10091,5.17,0.14
10166,2.08,0.0
10169,3.04,-0.07
10175,5.0,0.33
10191,3.93,0.05
10195,22.5,0.22
10196,17.24,0.2
10197,22.05,0.16
10198,14.08,0.16
10200,7.05,0.05
10201,13.1,0.04
10203,16.11,0.08
10241,12.21,-0.01
10242,14.52,0.18
10258,4.79,0.02
10357,2.23,-0.33
10358,13.81,0.01
10360,4.1,0.15
10366,21.43,0.11
10367,22.19,0.26
10369,13.91,0.25
10371,24.57,0.19
10384,5.32,0.42
10400,12.88,0.04
10408,12.03,0.02
10414,15.83,0.06
10535,5.15,0.09
10636,2.91,0.13
10639,1.79,0.0
10703,63.12,1.06
10704,74.39,1.18
10705,52.27,1.19
10706,46.44,1.14
10710,46.1,1.1
10711,51.81,0.83
10712,46.76,0.8
10713,37.54,0.69
10714,53.83,0.95
10718,12.29,0.07
10719,11.01,0.14
10737,12.53,0.15
10755,6.82,0.33
10757,3.88,0.22
10759,6.96,0.05
10763,18.75,0.07
10764,3.35,0.09
10771,71.5,0.02
10772,85.39,0.43
10809,3.38,0.06
10811,1.9,0.05
10857,3.1,0.12
10896,4.63,0.35
10897,2.0,0.0
10984,3.28,-0.03
10985,10.84,0.14
11017,11.62,0.04
11042,4.64,0.06
11044,6.86,0.02
11080,9.91,0.0
11081,8.82,-0.03
11109,4.48,0.14
11149,8.06,0.12
11159,7.64,0.03
11168,11.14,0.02
11225,8.75,0.0
11304,10.97,0.08
11317,2.56,0.06
11338,7.61,0.12
11339,6.96,0.03
11340,5.01,0.03
11341,5.47,0.03
11342,17.94,0.35
11345,14.21,0.07
11346,10.14,0.17
11347,1.03,0.0
11351,3.22,0.11
11352,8.69,0.08
11422,2.5,0.11
11423,1.9,0.11
11424,8.33,0.34
11509,6.34,0.04
11522,2.38,0.16
11523,4.03,0.07
11524,5.62,0.1
11544,13.91,0.15
11545,10.37,0.11
11609,28.56,0.18
11618,9.14,0.02
11632,10.5,0.13
11637,1.88,0.0
11638,11.15,0.22
11639,10.36,0.2
11642,2.98,0.04
11675,10.62,0.01
11680,5.79,0.11
11683,5.17,0.18
11741,7.91,0.1
11773,4.87,0.07
11774,18.27,0.02
11775,3.7,0.02
11777,8.1,0.08
11789,19.05,0.39
11797,5.19,0.05
11808,11.54,0.06
11847,2.63,0.05
11848,2.59,0.11
11851,1.5,0.04
11852,5.33,0.03
11853,1.34,0.01
11854,4.57,0.06
11889,5.8,0.08
11922,48.34,0.69
11923,113.2,1.85
11926,94.58,1.17
11927,110.28,1.77
11928,84.79,1.29
11929,255.87,2.65
11930,137.55,2.18
11931,53.58,0.73
12021,16.86,0.2
12025,38.57,0.7
12046,7.89,0.2
12065,98.27,0.16
12067,99.46,0.96
12072,69.62,0.12
12131,6.55,0.56
12163,2.55,0.01
12323,3.85,0.12
12324,4.33,0.1
12325,10.17,0.29
12332,17.79,0.39
12336,10.88,0.1
12341,14.19,0.21
12343,8.45,0.23
12347,20.99,-0.96
12348,17.63,0.34
12349,14.74,0.4
12350,17.27,0.18
12351,66.35,0.18
12353,16.03,0.11
12354,15.03,0.07
12357,15.25,0.09
12359,16.93,0.08
12361,14.06,0.06
12362,15.12,0.07
12436,4.45,0.16
12439,4.86,0.0
12453,22.85,0.21
12481,9.27,0.08
12482,16.26,0.37
12484,18.57,0.07
12491,19.74,0.08
12504,15.27,0.0
12505,16.2,0.04
12506,16.15,-0.02
12558,10.11,0.61
12572,28.74,0.87
12576,9.55,1.26
12592,1.89,-0.06
12595,10.61,0.89
12596,3.31,0.07
12597,3.24,0.25
12639,8.77,0.32
12705,10.11,0.07
12716,5.46,0.04
12717,5.48,0.02
12724,5.59,0.06
12725,6.12,0.01
12839,2.5,0.2
12850,26.85,0.14
12851,35.97,0.15
12852,25.14,0.13
12853,4.67,0.04
12854,27.32,0.16
12855,28.17,0.28
12856,16.28,0.18
12857,4.29,0.03
12858,61.6,0.48
12859,50.36,0.39
12860,47.63,0.38
12861,57.6,0.35
12862,19.83,0.14
12863,57.27,0.38
12864,37.15,0.33
12865,30.91,0.29
12866,15.95,0.14
12867,24.39,0.13
12868,7.84,0.07
12869,4.74,0.04
12937,2.18,0.08
12978,3.59,0.01
13024,8.93,0.06
13112,4.06,0.0
13114,49.26,0.94
13117,8.48,-0.01
13166,19.19,0.64
13198,22.21,0.24
13308,70.13,1.77
13414,28.16,0.26
13419,27.93,0.36
13420,25.18,0.46
13432,20.63,0.38
13443,8.56,0.21
13451,6.86,0.0
13452,5.94,0.01
13582,0.79,0.04
13583,4.0,0.04
13667,12.42,0.07
13710,5.68,0.01
13774,17.85,0.02
13777,70.25,0.67
13791,6.49,0.01
13888,23.92,0.06
13892,23.87,0.03
13913,21.86,0.25
14045,37.52,0.3
14046,38.2,0.38
14047,32.84,0.1
14071,1.3,0.04
14072,1.46,0.03
14094,3.88,0.02
14095,4.88,0.0
14096,8.86,0.02
14097,7.61,-0.01
14114,11.97,0.36
14154,27.69,0.09
14155,19.83,0.08
14220,70.16,0.02
14223,72.24,0.78
14289,24.64,0.12
14324,15.7,0.05
14325,16.71,0.05
14326,17.15,0.05
14327,16.29,0.12
14328,17.47,0.23
14329,16.82,0.22
14344,0.13,0.0
14345,0.13,0.0
14346,0.27,0.0
14368,38.08,0.35
14437,4.71,-0.01
14438,2.15,0.0
14439,2.43,0.0
14440,2.82,0.01
14506,7.08,0.1
14522,23.98,0.87
14576,13.0,0.01
14577,12.84,0.0
14578,12.91,0.0
14579,10.7,0.08
14580,3.53,0.0
14583,51.28,0.46
14585,28.44,0.61
14586,20.93,0.42
14587,31.72,0.25
14604,70.29,0.81
14614,4.79,0.08
14630,3.64,0.0
14679,2.94,0.03
14691,101.27,0.16
14692,49.0,0.8
14693,2.24,0.01
14821,31.29,0.28
14822,32.5,0.3
14824,48.04,0.2
14875,1.68,0.02
14877,3.99,0.02
14878,4.34,0.01
14972,20.84,0.1
15005,4.5,0.04
15006,5.52,0.06
15007,3.23,0.05
15008,3.29,0.05
15009,2.59,0.03
15010,2.87,0.04
15011,1.85,0.03
15012,1.24,0.02
15013,1.64,0.03
15014,1.71,0.03
15015,9.39,0.08
15016,9.84,0.1
15017,8.63,0.08
15060,1.19,0.0
15067,3.14,0.0
15106,2.15,0.01
15107,2.13,0.01
15108,1.6,0.0
15213,0.31,0.0
15214,0.08,0.0
15215,0.04,0.0
15216,0.04,0.0
15217,0.04,0.0
15219,0.05,0.0
15221,0.05,0.0
15288,14.09,0.27
15289,16.16,0.1
15300,139.03,1.12
15301,18.52,0.29
15303,35.82,0.35
15304,61.34,1.18
15305,124.91,1.1
15306,139.06,2.98
15307,66.33,0.76
15308,64.57,2.28
15309,108.86,1.52
15310,122.32,1.74
15312,32.25,0.32
15316,63.68,0.83
15399,23.47,0.06
15402,27.37,0.0
15404,39.89,0.41
15405,15.11,0.26
15406,9.73,0.45
15413,114.73,1.37
15432,23.78,0.19
15433,20.39,0.18
15434,24.35,0.04
15435,51.56,0.57
15462,5.45,0.0
15482,12.69,0.16
15483,17.07,0.2
15484,12.68,0.17
15485,8.48,0.1
15486,9.86,0.1
15487,14.92,0.24
15488,10.7,0.0
15490,6.32,0.08
15491,2.47,0.01
15492,2.62,0.01
15493,5.61,0.04
15494,5.73,0.03
15495,2.98,0.0
15496,1.78,0.0
15497,3.09,0.01
15498,3.49,0.0
15499,3.15,0.0
15500,1.61,0.0
15502,4.76,0.03
15503,2.96,0.0
15504,3.51,0.0
15505,3.9,0.01
15507,7.38,0.01
15508,7.96,0.0
15509,3.89,0.01
15510,1.29,0.0
15511,5.18,0.0
15512,12.15,0.04
15513,4.41,0.02
15514,4.74,0.02
15515,5.53,0.02
15516,4.58,0.01
15517,2.31,0.0
15568,7.54,0.05
15640,8.02,0.38
15641,3.36,0.11
15660,1.31,0.0
15662,2.96,0.01
15682,12.12,0.06
15749,5.07,0.06
15750,2.97,0.02
15752,13.53,0.02
15754,5.84,0.02
15756,5.76,0.01
15757,7.54,0.01
15758,4.54,0.02
15762,5.64,0.02
15763,8.67,0.03
15766,11.69,0.04
15767,16.31,0.04
15768,8.93,0.04
15769,6.56,0.01
15772,1.3,0.0
15773,9.31,0.01
15774,8.02,0.0
15775,6.0,0.04
15778,17.39,0.14
15782,1.06,0.01
15783,2.23,0.0
15784,2.48,-0.02
15785,1.76,0.01
15786,6.67,0.06
15787,37.81,0.43
15789,2.05,0.01
15790,30.9,0.02
15791,19.8,-0.02
15802,8.81,0.02
15803,3.58,0.02
15804,2.79,0.0
15805,2.22,0.01
15809,2.51,0.02
15810,4.69,0.01
15811,8.62,0.24
15813,13.33,0.2
15814,10.09,0.08
15819,15.25,0.09
15832,1.12,0.05
15835,9.63,0.01
15836,7.9,0.03
15841,0.51,0.0
15844,2.27,0.0
15853,3.19,0.02
15868,3.58,0.01
15869,3.52,0.01
15935,4.14,0.02
15936,6.33,0.01
15940,2.22,0.08
15941,7.16,0.13
15942,2.63,0.0
15970,35.31,0.15
15977,16.89,0.04
15980,4.96,0.27
15981,5.25,0.19
15982,8.97,0.03
15983,7.43,0.03
16006,8.87,0.02
16008,30.69,0.47
16038,41.74,-0.05
16039,44.92,0.02
16040,17.44,-0.03
16041,43.52,0.08
16042,39.89,0.13
16044,48.96,0.21
16045,34.95,0.01
16046,7.97,0.01
16047,4.8,0.03
16048,6.08,0.02
16049,5.51,0.01
16050,7.31,0.01
16051,6.09,0.01
16052,4.04,0.01
16053,4.39,0.0
16054,3.58,0.03
16055,5.54,0.0
16056,4.01,0.01
16057,12.73,0.01
16058,13.48,0.01
16059,23.96,0.05
16064,1.99,0.07
16065,8.52,0.02
16067,2.86,0.01
16083,0.66,0.0
16086,8.77,0.05
16089,1.45,0.01
16090,0.38,0.0
16091,6.05,0.01
16092,2.0,0.09
16107,13.21,0.15
16108,10.45,0.15
16130,0.29,0.0
16135,0.53,0.03
16136,0.47,0.01
16137,0.33,0.0
16138,0.37,0.0
16142,5.38,0.02
16154,3.23,0.01
16155,3.46,0.01
16156,3.71,0.01
16157,2.9,0.01
16158,2.62,0.0
16159,1.96,0.0
16160,4.09,0.01
16161,2.14,0.0
16162,4.66,0.02
16163,2.63,0.01
16164,6.46,0.05
16165,4.67,0.01
16166,3.99,0.01
16167,1.98,0.0
16170,2.02,0.01
16215,247.88,0.14
16216,5.59,0.08
16250,7.05,0.14
16251,0.12,0.0
16252,0.13,0.0
16253,0.34,0.0
16267,8.32,0.01
16271,3.67,0.02
16272,2.1,0.01
16275,6.29,0.12
16278,37.41,0.19
16293,7.32,0.02
16294,4.55,0.01
16298,4.79,0.07
16323,12.23,0.01
16325,3.7,0.02
16327,43.81,0.78
16328,48.29,0.78
16329,48.52,0.58
16330,81.83,1.43
16331,52.63,0.9
16332,53.66,0.97
16333,54.39,1.32
16334,56.43,1.53
16335,47.23,0.36
16336,57.49,0.9
16337,72.56,1.01
16338,74.44,0.98
16339,57.18,0.81
16340,59.52,0.75
16341,51.69,0.22
16342,46.27,0.03
16343,49.49,0.35
16344,43.03,0.38
16345,48.67,0.12
16347,64.61,0.83
16348,57.21,0.74
16349,41.3,0.04
16350,50.8,0.23
16351,34.06,0.27
16352,45.69,0.0
16354,48.9,0.18
16356,38.0,0.04
16358,54.19,0.58
16360,57.77,0.38
16361,80.12,0.13
16363,79.08,0.34
16365,90.28,0.82
16372,2.67,0.05
16374,3.72,0.01
16384,1.87,0.01
16394,75.17,0.35
16398,2.13,0.04
16415,2.81,0.02
16424,5.71,0.09
16428,3.0,0.01
16429,2.18,0.01
16465,0.55,0.0
16469,5.75,0.03
16483,2.09,0.01
16485,35.43,0.28
16486,49.66,0.51
16487,21.89,0.28
16488,45.02,0.23
16489,28.14,0.25
16497,34.27,0.2
16498,40.38,0.11
16499,40.05,0.15
16500,16.08,0.33
16501,40.46,0.28
16502,46.65,0.08
16503,27.65,0.45
16509,9.53,0.07
16512,7.59,0.01
16513,6.85,0.03
16525,4.16,0.02
16563,5.44,0.01
16573,3.27,0.01
16575,13.15,-0.01
16588,3.76,0.01
16611,13.32,0.04
16616,11.53,0.12
16624,18.65,0.38
16625,26.58,0.33
16626,5.86,0.07
16636,7.49,0.03
16637,6.47,0.02
16655,4.54,0.12
16661,31.43,0.15
16666,11.92,0.04
16675,27.65,0.25
16708,9.65,0.01
16709,9.66,0.03
16711,9.53,0.03
16712,10.0,0.03
16755,4.52,0.02
16776,3.06,0.0
16799,4.45,0.01
16800,4.39,0.01
16801,3.59,0.01
16802,3.65,0.01
16803,1.63,0.0
16810,0.55,0.01
16811,4.77,0.04
16842,11.1,0.05
16845,8.33,0.11
16880,5.53,0.02
16910,11.73,0.13
16922,19.23,0.06
16938,18.95,0.05
16940,18.8,0.06
16941,18.95,0.06
16942,18.43,0.05
16947,11.42,0.07
16952,15.37,0.06
16958,35.76,-0.01
16961,8.99,0.1
17031,0.45,0.01
17032,2.2,0.0
17033,4.96,0.02
17034,10.96,-0.2
17042,9.07,0.15
17043,5.61,0.03
17044,59.45,0.11
17050,47.69,0.08
17063,98.67,0.03
17065,95.35,0.03
17076,17.58,0.06
17112,15.17,0.32
17117,4.72,0.01
17125,6.75,0.01
17126,6.96,0.02
17162,5.31,-0.01
17186,1.92,0.01
17187,1.92,0.01
17188,3.06,0.02
17189,2.58,0.01
17191,8.53,0.03
17192,5.03,0.02
17193,5.33,0.01
17194,7.62,0.03
17201,2.62,0.01
17218,1.47,0.01
17225,21.13,-0.01
17233,38.37,0.2
17263,0.43,0.01
17266,22.25,0.06
17269,33.51,0.65
17277,2.56,0.03
17278,0.8,0.01
17306,9.24,0.08
17307,13.13,0.23
17325,8.7,0.04
17327,5.78,0.01
17329,5.25,-0.01
17330,8.98,0.05
17339,11.17,-0.21
17364,4.08,0.06
17375,0.41,0.0
17377,17.25,0.29
17378,11.07,0.19
17384,55.59,0.38
17385,72.16,0.47
17386,3.39,0.03
17388,32.47,0.11
17401,45.68,0.0
17402,40.88,0.22
17403,17.78,0.02
17404,11.45,0.06
17405,19.63,0.04
17409,1.25,0.03
17436,1.92,0.01
17437,1.94,0.01
17438,1.92,0.01
17439,1.93,0.01
17449,31.29,0.03
17450,26.82,0.06
17451,26.14,0.04
17452,17.61,0.04
17453,17.58,0.04
17456,5.99,0.05
17468,3.23,0.05
17475,13.74,0.31
17532,17.62,0.04
17537,10.42,0.22
17563,23.63,0.02
17574,14.19,0.02
17575,34.94,0.23
17581,10.68,0.09
17589,18.97,0.12
17609,47.26,0.05
17624,6.11,0.04
17625,4.99,0.02
17626,3.84,0.04
17627,4.88,0.03
17628,22.97,0.13
17631,19.0,0.04
17632,15.66,0.04
17633,20.87,0.04
17634,16.79,0.04
17636,17.06,0.05
17637,17.26,0.04
17638,17.09,0.04
17639,17.55,0.04
17640,16.02,0.01
17686,10.88,0.05
17687,8.89,0.06
17693,19.0,0.03
17696,17.51,0.03
17704,8.15,0.06
17706,20.99,0.2
17717,28.76,0.59
17718,23.16,0.22
17719,22.04,0.22
17720,48.8,0.11
17721,46.56,0.15
17726,65.42,0.81
17727,82.81,0.86
17728,87.19,0.6
17729,70.68,0.38
17730,78.6,0.88
17732,40.42,0.19
17733,68.99,0.41
17734,76.03,0.84
17735,37.09,0.48
17736,55.32,0.15
17738,72.91,0.4
17739,38.66,0.45
17740,75.94,0.38
17741,64.21,0.71
17742,58.78,0.42
17743,32.79,0.39
17744,62.33,0.39
17745,63.9,0.4
17746,61.47,0.4
17747,58.6,0.76
17749,65.66,0.55
17750,26.63,0.08
17751,67.52,0.12
17752,69.32,0.56
17753,67.03,0.26
17766,0.94,0.02
17814,6.89,0.13
17828,0.15,0.0
17831,6.76,0.06
17832,5.33,0.07
17833,8.27,0.38
17834,2.21,0.06
17835,1.79,0.01
17841,3.55,0.1
17857,8.7,0.11
17860,3.89,0.02
17874,5.8,0.13
17875,3.8,0.02
17879,8.27,0.03
17880,10.84,0.04
17881,21.39,0.09
17882,18.99,0.07
17883,21.37,0.08
17884,26.26,0.15
17885,13.72,0.06
17887,2.7,0.04
17941,12.38,0.07
17945,1.42,0.09
17946,13.03,0.6
18025,20.97,0.15
18027,2.41,0.01
18028,5.8,0.04
18029,6.03,0.03
18036,10.57,0.01
18055,14.85,0.06
18056,21.78,0.08
18057,14.0,0.07
18058,15.61,0.22
18059,12.81,0.07
18103,4.07,0.14
18108,2.72,0.04
18127,2.4,0.01
18128,2.74,0.01
18129,2.7,0.01
18130,2.38,0.01
18132,0.96,0.0
18133,2.53,0.01
18134,2.59,0.01
18140,7.21,0.0
18142,9.35,0.03
18148,20.26,0.15
18149,28.17,0.16
18166,13.63,0.08
18223,16.25,0.03
18224,16.82,0.28
18230,69.2,0.44
18231,64.52,0.53
18232,71.64,0.5
18233,79.04,0.75
18234,77.22,0.12
18235,67.85,0.39
18237,4.82,0.02
18238,4.02,0.01
18241,25.54,0.2
18248,1.55,0.0
18249,1.55,0.0
18253,6.82,0.01
18269,64.38,0.67
18277,10.49,0.01
18292,0.28,0.0
18293,0.33,0.0
18324,2.0,0.02
18325,3.16,0.03
18326,2.37,0.02
18327,6.32,0.07
18337,1.05,0.02
18359,4.73,0.01
18360,0.51,0.02
18361,8.6,0.03
18362,9.06,0.02
18363,10.23,0.04
18367,10.83,0.04
18370,7.58,0.0
18395,6.57,0.01
18396,23.63,0.17
18403,4.12,0.0
18404,2.0,0.01
18405,6.17,0.02
18407,3.2,0.02
18424,9.28,0.02
18427,1.56,0.01
18431,13.32,0.08
18446,22.58,0.14
18447,13.57,0.08
18465,7.34,0.02
18466,6.1,0.02
18467,3.19,0.02
18468,7.3,0.03
18473,33.92,0.3
18483,27.98,0.26
18484,33.96,0.41
18488,29.63,0.2
18492,0.45,0.01
18513,1.88,0.02
18514,0.41,0.01
18515,0.41,0.01
18516,10.98,0.14
18518,51.26,0.75
18521,34.63,0.64
18523,29.8,0.0
18535,19.4,0.08
18536,19.91,0.1
18537,14.21,0.03
18538,19.34,0.03
18541,0.19,0.0
18542,0.19,0.0
18543,0.38,0.02
18544,0.25,0.04
18545,0.68,0.01
18559,0.12,0.02
18560,0.31,0.01
18590,4.78,0.0
18591,19.67,0.05
18600,0.34,0.02
18603,36.62,0.4
18604,39.9,0.65
18606,11.88,0.01
18607,9.12,0.01
18608,5.96,0.03
18609,10.18,0.01
18610,10.19,0.06
18611,11.12,0.01
18613,4.83,0.05
18614,10.8,0.05
18615,2.33,0.08
18616,9.79,0.02
18620,28.06,0.07
18621,17.25,0.29
18626,0.68,0.0
18627,2.48,0.01
18631,12.32,0.0
18633,18.15,0.14
18635,28.52,0.58
18637,29.29,0.49
18669,16.45,0.05
18670,15.97,0.0
18671,20.34,0.06
18672,17.08,0.05
18673,16.77,0.02
18674,14.34,0.04
18675,9.96,0.03
18676,11.92,0.04
18677,12.86,0.04
18678,17.64,0.06
18679,1.54,0.0
18680,0.71,0.01
18726,92.49,0.54
18732,115.63,0.51
18733,106.04,0.81
18734,113.41,0.49
18735,70.21,0.5
18736,100.49,0.61
18737,128.68,0.98
18739,73.43,0.64
18740,105.15,0.6
18741,110.43,0.74
18742,94.53,0.69
18743,126.41,0.75
18744,128.05,0.87
18745,112.25,0.78
18746,81.94,0.92
18747,92.18,2.94
18748,87.54,0.59
18749,83.52,0.38
18750,33.61,0.24
18751,99.84,0.57
18753,29.63,0.41
18754,10.67,0.4
18755,50.0,0.0
18759,61.25,0.0
18760,8.07,0.16
18761,23.53,0.51
18776,17.7,0.02
18789,10.98,0.06
18803,0.88,0.0
18817,16.57,0.02
18819,15.23,0.44
18820,12.43,0.37
18827,9.35,0.1
18828,3.59,0.01
18829,3.87,0.03
18831,7.18,0.02
18832,8.59,0.02
18833,6.28,0.02
18834,6.23,0.02
18872,6.93,0.11
18876,10.04,0.04
18877,13.68,0.04
18887,0.4,0.01
18901,18.06,0.09
18902,11.48,0.05
18911,21.16,0.12
18912,15.17,0.09
18918,209.99,3.07
18919,98.96,0.95
18920,71.87,0.72
18921,122.63,1.43
18922,98.04,0.81
18923,104.6,1.31
18924,76.84,1.01
18925,95.01,1.02
18937,0.89,0.02
18952,11.39,0.08
18958,16.11,0.03
18975,13.43,0.05
18976,38.7,0.44
18989,14.67,0.02
18996,4.89,0.1
19044,16.65,0.02
19047,11.27,0.04
19049,19.12,0.08
19050,13.86,0.05
19061,11.28,0.0
19062,13.09,0.02
19063,5.91,0.01
19064,9.74,0.0
19065,13.3,0.02
19066,2.71,0.0
19067,12.68,0.02
19068,9.49,0.02
19069,8.95,0.03
19070,12.99,0.03
19072,14.78,0.02
19077,1.08,0.0
19078,2.21,0.01
19088,11.16,0.1
19090,21.44,0.08
19092,21.72,0.08
19097,0.1,0.0
19098,15.66,0.03
19124,1.65,0.01
19131,16.4,0.03
19169,14.73,0.03
19214,15.54,0.03
19222,15.14,0.04
19238,5.22,0.01
19239,5.88,0.01
19247,9.81,0.01
19252,6.48,0.01
19253,5.57,0.0
19261,12.99,0.11
19294,8.98,0.0
19296,9.13,0.0
19297,9.64,0.0
19298,10.04,0.03
19299,9.11,0.0
19300,9.34,0.01
19301,8.95,0.0
19302,9.39,0.03
19303,9.04,0.0
19304,9.01,0.0
19305,9.68,0.0
19306,9.18,0.01
19307,10.89,0.04
19308,9.84,0.03
19309,9.88,0.0
19310,9.57,0.0
19311,10.11,0.0
19312,10.05,0.01
19313,10.88,0.0
19314,9.66,0.01
19315,9.52,0.0
19316,9.62,0.02
19317,9.22,0.0
19318,9.7,0.04
19319,9.57,0.0
19320,9.91,0.0
19321,9.87,0.0
19322,9.9,0.0
19323,10.02,0.0
19324,10.42,0.0
19366,19.71,0.11
19367,20.03,0.13
19368,6.89,0.19
19369,22.3,0.1
19370,22.62,0.12
19372,21.07,0.11
19373,10.44,0.16
19375,9.11,0.12
19433,16.42,0.03
19471,15.46,0.03
19483,9.84,0.02
19484,10.91,0.02
19492,1.27,0.02
19508,1.06,0.0
19518,11.33,0.03
19519,14.34,0.04
19529,8.55,0.01
19530,7.67,0.01
19534,9.41,0.01
19555,11.15,0.02
19584,11.98,0.06
19600,12.29,0.06
19614,17.49,0.01
19615,19.09,0.05
19629,2.1,0.01
19630,2.57,0.0
19637,20.69,1.13
19640,16.85,0.12
19653,15.78,0.03
19654,11.74,0.13
19665,7.3,0.04
19669,4.29,0.01
19670,3.69,0.01
19671,5.88,0.02
19672,6.77,0.02
19676,18.59,0.11
19680,26.07,0.49
19681,20.95,0.23
19682,19.58,0.14
19683,20.43,0.17
19684,18.66,0.13
19685,18.05,0.18
19686,19.93,0.19
19687,21.18,0.13
19688,15.9,0.06
19689,23.12,0.28
19690,0.03,0.0
19691,18.19,0.2
19692,24.52,0.27
19693,31.39,0.33
19696,20.59,0.22
19697,20.59,0.17
19700,2.02,0.0
19755,22.89,0.05
19777,12.65,0.12
19778,12.48,0.12
19779,12.14,0.13
19780,8.41,0.1
19781,8.41,0.1
19803,19.84,0.09
19808,8.33,0.01
19822,7.2,0.11
19824,1.84,0.02
19855,18.47,0.03
19869,3.62,0.03
19871,4.18,0.01
19872,4.18,0.01
19873,3.22,0.02
19874,4.18,0.01
19940,8.82,0.04
19941,7.07,0.01
19942,6.03,0.01
19957,5.2,0.02
19958,1.6,0.03
20024,15.84,0.03
20026,10.68,0.0
20027,9.39,0.0
20075,16.98,0.03
20076,19.12,0.07
20124,5.5,0.01
20136,1.37,0.01
20149,0.04,0.0
20150,8.04,0.01
20151,7.53,0.01
20152,7.8,0.02
20164,15.58,0.03
20184,13.06,0.22
20189,5.35,0.01
20190,3.49,0.0
20192,0.41,0.0
20197,0.94,0.01
20216,15.05,0.08
20246,14.57,0.08
20259,16.2,0.06
20269,10.24,0.06
20288,0.09,0.0
20293,0.08,0.0
20294,16.16,0.03
20343,11.85,0.02
20351,7.21,0.1
20380,0.07,0.0
20384,0.07,0.0
20390,16.19,0.02
20401,13.36,0.02
20404,41.94,0.24
20405,36.7,0.46
20407,54.57,0.5
20408,41.96,0.35
20409,60.0,0.58
20410,42.26,0.37
20429,13.69,0.04
20438,13.77,0.02
20510,12.94,0.02
20521,12.79,0.02
20526,10.16,0.09
20529,0.12,0.0
20530,0.13,0.0
20531,0.37,0.0
20550,13.34,0.01
20585,30.04,0.11
20586,24.89,0.28
20600,11.92,0.01
20610,9.65,0.02
20614,10.05,0.02
20615,9.06,0.03
20616,8.82,0.03
20617,3.67,0.0
20618,3.52,0.0
20619,3.15,0.0
20620,3.12,0.0
20640,6.54,0.13
20641,6.29,0.13
20658,17.09,0.01
20659,17.62,0.01
20660,16.65,0.01
20661,17.97,0.01
20662,17.93,0.01
20663,14.62,0.01
20664,16.54,0.01
20665,14.96,0.03
20666,14.65,0.01
20667,17.13,0.01
20668,15.53,0.01
20669,15.49,0.0
20671,16.0,0.01
20672,16.55,0.01
20714,7.85,0.0
20739,1.25,0.0
20741,1.24,0.0
20742,2.18,0.0
20750,9.35,0.0
20751,2.65,0.0
20752,2.42,0.02
20753,3.99,0.03
20754,0.72,0.01
20756,2.1,0.02
20758,1.61,0.01
20759,2.08,-0.01
20762,6.31,0.0
20763,3.6,0.03
20764,6.49,0.0
20765,5.68,0.02
20770,2.61,0.02
20771,1.64,0.01
20798,0.99,0.01
20800,2.53,0.0
20818,13.67,0.02
20834,2.11,0.01
20835,0.66,0.0
20836,7.94,0.04
20837,6.28,0.02
20841,4.59,0.0
20845,1.13,0.01
20846,7.26,0.04
20847,5.32,0.02
20848,11.07,0.03
20849,9.43,0.07
20850,1.33,0.01
20857,13.98,0.02
20886,1.79,0.02
20887,3.23,0.01
20890,1.59,0.0
20892,1.41,0.01
20898,1.67,0.0
20936,14.42,0.02
20940,2.31,0.01
20941,1.95,0.07
20943,1.21,0.01
20944,1.56,0.0
20948,0.77,0.0
20949,1.64,0.0
20953,3.96,0.0
20954,23.17,0.32
20956,3.47,0.0
20970,2.11,0.0
20971,2.04,0.0
20973,36.47,1.0
20974,19.74,0.28
20975,17.99,0.27
20976,21.79,0.18
20977,26.39,0.16
20978,23.37,0.04
20979,19.79,0.02
20980,30.35,0.33
20981,30.79,0.0
20982,15.54,0.19
20988,7.59,0.02
20989,5.83,-0.01
20990,7.06,-0.01
20991,23.7,0.22
20992,41.51,0.42
21019,20.48,0.09
21020,37.97,0.12
21022,8.85,0.05
21023,7.11,0.02
21024,2.11,0.0
21025,5.42,0.06
21026,0.53,0.0
21079,19.53,0.04
21089,2.54,0.01
21099,15.63,0.26
21127,23.16,0.35
21167,49.41,0.16
21181,1.77,0.01
21182,1.02,0.01
21196,4.68,0.03
21197,4.74,0.03
21203,0.96,0.0
21269,84.1,1.66
21271,79.5,1.66
21273,72.27,0.77
21280,113.59,0.25
21281,86.48,0.09
21346,1.64,0.02
21347,4.93,0.05
21349,2.03,0.02
21350,1.54,0.06
21360,1.77,0.02
21366,3.84,0.02
21382,91.41,0.04
21413,4.53,0.12
21461,23.54,0.08
21485,32.36,0.08
21595,4.85,0.0
21596,13.91,0.11
21597,13.07,0.02
21598,23.25,0.07
21599,6.01,0.01
21600,5.58,0.01
21601,5.98,0.01
21602,5.39,0.01
21659,4.12,0.02
21660,3.38,0.02
21661,0.12,0.0
21662,0.12,0.0
21663,0.36,0.0
21680,22.88,0.1
21681,14.18,0.08
21684,6.05,0.1
21686,28.54,0.43
21687,7.85,0.17
21688,10.83,0.21
21695,56.23,0.43
21696,6.69,0.05
21697,11.61,0.1
21698,41.31,0.34
21699,34.16,0.2
21700,19.95,-0.02
21701,15.02,-0.02
21716,5.73,0.01
21728,5.78,0.0
21731,2.04,0.01
21732,3.55,0.02
21831,5.37,0.0
21834,3.59,0.0
21866,5.01,0.01
21882,29.04,0.12
21892,4.18,0.06
21907,5.14,0.03
21908,5.06,-0.01
21931,44.45,0.15
21939,15.3,0.04
21940,26.76,0.02
21944,155.9,1.52
21945,72.42,1.56
21965,47.89,-0.45
21966,24.5,0.03
21967,47.5,-0.14
21968,103.93,2.68
21970,41.63,0.39
21971,22.52,0.16
21983,23.03,0.18
21988,28.67,0.15
21995,115.99,1.17
21997,106.86,-0.01
21998,90.34,0.06
22004,230.82,1.55
22005,76.4,3.33
22007,194.35,0.33
22010,95.18,1.27
22023,4.14,0.01
22034,2.88,0.05
22035,4.11,0.01
22068,2.71,0.0
22116,0.86,0.01
22117,0.35,0.0
22118,2.02,0.0
22119,1.51,0.01
22124,7.32,0.0
22130,17.66,0.37
22132,9.07,0.48
22133,7.66,0.02
22134,7.79,0.02
22135,5.59,0.0
22173,4.6,0.02
22174,3.25,0.02
22182,2.11,0.0
22183,4.98,0.0
22184,4.94,0.08
22185,7.28,0.02
22235,3.52,0.0
22236,3.67,0.0
22237,3.89,0.01
22261,13.22,-0.03
22262,25.22,1.03
22263,14.04,0.24
22264,21.1,1.14
22265,47.35,1.22
22266,19.26,-0.01
22267,37.66,0.36
22268,12.58,-0.02
22269,18.8,0.91
22273,0.63,0.01
22304,4.81,0.0
22305,3.07,0.0
22306,3.44,0.07
22307,2.08,0.04
22318,3.11,0.01
22325,0.55,0.0
22329,2.24,0.0
22330,1.89,0.02
22353,36.46,0.66
22354,115.73,0.57
22355,86.69,2.37
22369,3.03,0.0
22445,2.86,0.06
22446,4.58,0.02
22447,200.0,4.06
22448,1.96,0.01
22452,22.52,0.05
22453,32.01,1.08
22456,291.6,0.05
22461,18.18,0.05
22479,4.22,0.0
22500,15.25,0.03
22508,16.01,0.05
22510,11.34,0.03
22522,6.43,0.02
22526,6.01,0.16
22532,6.76,0.02
22533,9.17,0.05
22534,4.55,0.01
22535,6.33,0.03
22536,7.2,0.03
22582,201.67,0.36
22588,10.53,0.15
22589,10.93,0.09
22590,85.65,1.32
22595,26.45,0.29
22612,1.0,0.0
22613,0.76,0.01
22623,39.64,0.47
22626,47.02,0.24
22636,66.87,0.35
22650,1.82,0.02
22651,3.93,0.01
22657,9.76,0.11
22688,3.19,0.01
22689,3.85,0.01
22690,2.69,0.03
22702,5.53,0.0
22780,7.07,0.01
22802,22.36,0.27
22813,31.18,0.09
22815,14.1,0.35
22845,3.68,0.06
22893,2.83,0.02
22894,20.53,0.08
22895,13.76,0.07
22896,22.19,0.39
22898,20.93,0.11
22899,24.87,0.08
22900,19.94,0.08
22901,22.71,0.08
22908,3.19,0.02
22960,2.03,0.01
22961,3.81,0.01
22962,4.11,0.01
22963,2.75,0.02
22964,2.57,0.01
22965,3.21,0.01
22990,9.35,0.12
23025,5.14,0.01
23028,8.14,0.19
23068,99.58,5.45
23069,73.97,2.17
23106,34.79,0.03
23108,56.04,0.47
23109,53.01,0.42
23110,44.29,0.11
23111,26.21,0.28
23120,6.8,0.0
23121,5.43,0.0
23122,5.64,0.0
23123,3.49,0.03
23124,12.89,0.03
23125,12.24,0.02
23127,13.92,0.01
23128,13.64,0.02
23132,18.67,0.02
23133,4.55,0.15
23134,18.86,0.03
23185,1.63,0.02
23191,16.85,0.02
23194,26.34,0.45
23208,29.59,0.24
23209,29.96,0.24
23211,25.81,0.04
23212,29.53,0.24
23213,30.59,0.14
23214,31.37,0.24
23215,34.74,0.24
23247,3.49,0.02
23260,16.9,1.52
23297,23.31,0.44
23298,15.18,0.19
23316,40.95,0.33
23317,13.89,0.14
23318,15.48,0.07
23326,15.36,0.02
23327,15.36,0.02
23328,15.37,0.02
23329,16.71,0.02
23330,16.7,0.03
23331,15.56,0.02
23340,0.16,0.0
23341,0.17,0.0
23342,0.45,0.0
23359,37.4,0.34
23360,16.35,0.04
23361,55.9,-0.02
23362,23.16,0.19
23371,30.4,0.06
23377,2.14,0.02
23378,2.17,0.08
23379,11.9,0.04
23380,7.12,0.03
23381,14.92,0.03
23382,14.71,0.04
23435,14.58,0.04
23450,23.24,0.48
23451,14.28,0.34
23455,14.29,0.29
23529,26.01,-0.03
23530,26.27,0.17
23531,21.45,0.03
23532,17.8,0.21
23561,3.23,0.01
23633,14.42,0.02
23634,14.95,0.03
23654,7.81,0.07
23673,15.8,0.08
23685,14.0,0.03
23686,12.83,0.01
23699,13.89,0.03
23701,16.86,0.08
23702,15.68,0.03
23703,14.81,0.03
23704,14.6,0.04
23705,13.54,0.04
23706,12.05,0.04
23707,13.54,0.04
23708,13.13,0.03
23709,11.96,0.03
23710,13.25,0.02
23711,11.11,0.03
23732,22.46,0.0
23733,15.35,0.1
23734,17.4,0.0
23735,16.8,0.02
23736,15.24,0.1
23737,19.95,0.04
23738,18.58,0.08
23739,9.79,0.11
23740,19.36,0.08
23741,16.4,0.19
23742,17.43,0.18
23817,40.5,0.94
23823,14.14,0.01
23824,9.49,0.02
23826,13.25,0.0
23839,10.33,0.12
23840,10.87,0.18
23841,11.34,0.09
23842,12.1,0.09
23843,11.72,0.09
23844,12.79,0.09
23845,5.47,0.08
23846,13.13,0.09
23847,12.84,0.09
23848,12.77,0.09
23849,11.14,0.04
23850,15.94,0.08
23884,5.01,0.05
23889,8.0,0.07
23913,0.12,0.0
23941,0.1,0.0
23945,15.04,0.01
23976,18.45,0.04
23977,18.45,0.04
23978,18.44,0.02
23979,7.83,0.01
23980,10.58,0.02
23991,24.75,0.11
24000,3.51,0.0
24003,2.12,0.01
24006,0.12,0.0
24007,0.14,0.01
24032,133.91,3.15
24039,12.36,-0.01
24040,12.05,-0.01
24041,12.91,-0.01
24042,17.19,0.05
24043,13.34,0.04
24044,13.13,0.01
24045,12.32,0.01
24046,16.14,0.02
24047,13.42,0.03
24049,16.31,0.05
24050,11.74,0.01
24051,16.65,0.05
24052,15.28,0.06
24053,13.76,0.02
24054,17.08,0.04
24071,23.98,0.12
24086,66.15,1.38
24087,64.34,1.15
24088,56.55,0.94
24089,50.15,1.21
24090,49.33,1.25
24091,58.55,1.6
24092,56.14,1.17
24093,61.7,1.02
24102,0.42,0.0
24103,0.49,0.0
24104,0.49,0.0
24105,0.49,0.0
24114,0.18,0.0
24153,14.67,0.15
24154,6.04,0.01
24155,5.61,0.01
24165,0.17,0.0
24166,0.15,0.0
24168,134.33,1.43
24169,28.51,1.04
24175,43.21,1.39
24178,39.64,1.0
24182,18.93,0.5
24190,10.47,0.03
24191,3.2,0.0
24193,1.96,0.0
24204,31.48,0.11
24205,24.83,0.45
24206,35.38,0.39
24207,24.48,0.41
24218,18.7,0.08
24223,1.96,0.01
24235,3.38,0.07
24240,29.05,1.52
24257,13.7,0.03
24261,12.71,0.0
24272,14.26,0.08
24300,14.24,0.01
24301,12.87,0.01
24303,8.77,0.02
24304,13.43,0.01
24305,11.05,0.03
24307,15.13,0.02
24308,15.94,0.02
24317,38.4,0.01
24321,118.97,1.85
24331,133.5,-6.79
24384,4.39,0.24
24394,2.59,0.01
24395,62.72,0.55
24396,30.68,0.03
24403,40.21,0.61
24409,3.12,0.07
24411,2.12,0.06
24420,125.58,2.79
24435,6.96,0.36
24444,28.15,0.12
24445,90.94,2.31
24446,1.73,0.02
24458,129.55,2.52
24475,3.67,0.08
24476,5.18,0.04
24477,4.46,0.03
24478,2.03,0.02
24480,1.44,0.0
24505,3.11,0.05
24506,48.99,0.32
24507,50.81,0.32
24508,4.33,0.0
24509,4.46,0.0
24517,14.27,0.02
24518,13.71,0.02
24519,14.82,0.02
24520,14.89,0.02
24521,14.45,0.02
24522,14.72,0.02
24538,3.46,0.05
24541,18.44,0.04
24542,19.36,0.04
24543,12.03,0.03
24544,14.15,0.03
24545,13.12,0.07
24546,9.38,0.05
24561,21.27,0.48
24569,21.24,0.23
24570,22.59,0.08
24571,23.37,-0.01
24572,34.04,0.57
24573,9.56,-0.01
24574,22.01,-0.01
24575,44.39,0.65
24609,4.33,0.07
24622,1.56,0.06
24623,99.31,2.14
24632,51.68,2.36
24649,2.42,0.0
24650,5.09,0.25
24652,5.99,0.0
24666,0.23,0.0
24670,0.33,0.0
24671,0.35,0.0
24672,0.31,0.0
24673,0.37,0.0
24674,0.33,0.0
24685,5.49,0.01
24686,5.15,0.0
24688,14.32,0.04
24689,15.16,0.01
24690,14.09,0.01
24691,15.18,0.01
24692,13.52,0.02
24693,10.75,0.01
24694,12.89,0.01
24695,11.95,0.02
24701,0.14,0.0
24702,0.14,0.0
24703,0.2,0.0
24705,0.12,0.0
24738,14.06,0.02
24739,15.03,0.02
24740,14.61,0.02
24741,14.23,0.02
24742,14.54,0.02
24743,14.07,0.02
24761,12.32,0.01
24762,15.26,0.07
24763,12.69,0.01
24764,14.6,0.03
24765,9.31,0.0
24766,12.74,0.02
24767,8.16,0.03
24768,5.56,0.0
24769,8.86,0.03
24770,8.3,0.03
24771,7.8,0.0
24772,9.34,0.01
24773,8.22,0.01
24774,9.98,0.01
24775,8.57,0.01
24776,8.84,0.01
24777,10.42,0.04
24778,9.22,0.02
24804,29.04,0.83
24808,0.61,0.0
24814,15.31,-0.01
24815,14.52,-0.02
24819,24.86,0.13
24834,68.2,1.62
24836,53.56,0.01
24846,11.94,0.18
24849,71.81,2.24
24881,13.29,0.02
24882,13.03,0.02
24883,13.3,0.02
24884,12.76,0.02
24885,13.11,0.02
24886,6.74,0.0
24888,6.69,0.02
24889,18.56,0.06
24890,13.12,0.24
24891,14.39,0.13
24892,20.86,0.36
24893,14.81,0.38
24894,20.76,0.36
24895,24.15,0.33
24946,2.72,0.01
24948,3.69,0.01
24949,3.59,0.0
24950,3.0,0.0
24952,80.24,1.57
24965,4.49,0.05
24966,4.62,0.06
24970,12.42,0.02
24971,12.08,0.02
24972,12.19,0.02
24977,2.52,0.0
24980,4.14,0.0
24987,62.22,1.45
24994,3.16,0.03
25019,9.51,0.01
25020,9.69,0.01
25021,10.4,0.02
25022,9.56,0.02
25023,8.1,0.03
25024,9.13,0.02
25025,10.46,0.04
25049,11.23,0.01
25050,10.72,0.0
25051,10.29,0.0
25052,13.55,0.02
25053,14.91,0.04
25054,8.85,0.03
25072,2.19,0.01
25073,3.79,0.02
25074,10.34,0.08
25077,21.3,-0.03
25078,14.9,0.62
25079,14.1,-0.03
25080,12.62,-0.04
25081,13.12,-0.06
25087,160.3,4.18
25088,2.98,0.02
25090,149.4,5.04
25091,152.98,1.96
25108,51.07,2.56
25130,28.54,0.11
25131,24.93,0.06
25132,22.39,0.05
25133,22.62,0.05
25134,29.45,0.11
25135,18.43,0.06
25136,22.84,0.06
25137,21.95,0.05
25138,23.8,0.06
25139,24.5,0.05
25140,29.28,0.04
25141,28.94,0.04
25142,28.79,0.04
25143,27.6,0.05
25144,28.49,0.05
25145,22.68,0.06
25146,27.97,0.05
25148,26.18,0.05
25149,27.79,0.11
25150,28.69,0.11
25152,5.8,0.01
25181,8.14,0.05
25182,7.88,0.06
25183,5.44,0.05
25187,6.38,0.0
25189,8.31,0.09
25204,1.82,0.07
25205,2.12,0.09
25214,8.48,0.18
25217,5.32,-0.01
25256,11.53,0.03
25258,5.82,0.0
25273,6.3,0.27
25274,5.0,0.06
25307,19.32,0.35
25308,20.73,0.37
25309,19.08,0.27
25310,19.15,0.3
25311,17.52,0.36
25312,19.46,0.41
25313,18.58,0.33
25314,17.35,0.27
25315,2.03,0.0
25316,22.75,0.12
25333,30.03,0.14
25334,43.51,0.14
25336,46.06,0.86
25338,48.29,0.52
25339,2.66,0.02
25353,31.95,0.38
25360,7.73,0.02
25361,6.75,0.01
25362,6.99,0.01
25375,0.89,0.0
25376,0.87,0.0
25378,0.82,0.0
25379,0.8,0.0
25381,4.15,0.02
25383,0.08,0.0
25384,0.07,0.0
25386,0.07,0.0
25387,0.07,0.0
25388,98.9,5.86
25389,0.07,0.0
25391,4.52,0.01
25394,0.06,0.0
25395,0.15,0.0
25411,16.74,0.05
25412,30.3,1.88
25419,16.48,0.15
25440,2.83,0.04
25441,3.47,0.03
25442,2.64,0.01
25443,2.78,0.01
25444,3.21,0.01
25445,1.18,0.0
25546,5.89,0.02
25547,1.85,0.01
25551,3.83,0.03
25552,2.69,0.01
25553,2.07,0.02
25567,4.35,0.0
25577,1.58,0.01
25578,1.48,0.01
25579,1.1,0.01
25580,1.04,0.0
25581,1.83,0.02
25582,1.67,-0.01
25584,5.64,0.02
25585,1.96,0.04
25586,2.03,0.03
25599,0.07,0.0
25601,0.1,0.0
25602,0.06,0.0
25603,0.13,0.0
25613,5.18,0.2
25617,18.16,0.21
25619,21.37,0.2
25620,25.83,0.31
25621,22.58,0.15
25622,21.76,0.26
25637,0.07,0.0
25649,3.55,0.0
25692,0.35,0.0
25693,0.19,0.0
25694,0.23,0.0
25706,6.3,0.0
25707,6.68,0.0
25708,6.91,0.0
25881,4.63,0.01
25890,11.35,0.05
25895,8.32,0.11
25896,21.34,0.46
25897,26.49,0.27
25898,26.81,0.35
25901,26.76,-0.03
25920,15.15,0.01
25945,77.59,0.99
25967,14.69,0.02
25968,10.42,0.04
25976,2.68,0.03
25977,2.37,0.02
25999,3.27,0.01
26008,12.88,0.08
26048,1.51,0.01
26049,1.34,0.0
26050,1.79,0.04
26051,4.92,0.04
26052,2.61,0.05
26053,3.07,0.03
26056,2.82,0.0
26057,12.47,0.02
26058,14.72,0.02
26059,3.86,0.0
26060,11.12,0.01
26061,8.09,0.01
26062,11.87,0.01
26093,5.43,0.01
26110,13.45,-0.02
26153,45.4,2.53
26165,5.17,0.23
26166,3.32,0.23
26175,3.47,0.02
26176,1.78,0.0
26177,6.3,0.38
26178,13.16,0.09
26180,8.96,0.0
26215,3.37,0.0
26216,3.89,0.0
26218,3.11,0.01
26219,3.09,0.01
26220,2.95,0.01
26221,2.9,0.01
26238,26.08,0.05
26239,28.3,0.06
26240,25.52,0.07
26241,27.27,0.06
26242,27.2,0.06
26243,24.87,0.06
26244,24.99,0.06
26245,24.21,0.06
26246,26.16,0.05
26247,24.66,0.07
26248,24.18,0.06
26249,21.45,0.06
26250,26.41,0.05
26251,25.66,0.05
26252,26.22,0.05
26253,19.76,0.06
26254,15.3,0.02
26255,15.5,0.04
26256,22.04,0.06
26257,15.1,0.07
26258,27.28,0.05
26422,20.96,0.6
26436,20.96,0.6
26438,20.96,0.6
26440,19.39,0.26
26445,17.17,0.05
26446,18.07,0.05
26447,16.01,0.05
26448,17.33,0.05
26449,17.39,0.01
26450,17.58,0.05
26475,11.4,0.15
26476,14.87,0.18
26477,15.22,0.18
26479,14.14,0.06
26480,14.11,0.06
26481,13.85,0.18
26482,7.38,0.09
26483,8.06,0.12
26491,17.07,0.05
26509,4.78,0.07
26510,15.57,0.04
26511,15.33,0.04
26512,15.31,0.02
26513,14.76,0.03
26514,15.99,0.04
26515,17.8,0.15
26516,14.1,0.11
26551,2.2,0.0
26552,1.88,0.02
26560,5.61,0.03
26561,5.59,0.03
26567,12.57,0.04
26568,9.69,0.11
26569,10.75,0.1
26570,24.66,0.46
26571,12.48,0.04
26574,14.89,0.2
26580,78.74,1.35
26598,26.16,0.42
26599,18.13,0.1
26653,30.9,1.9
26682,24.4,-0.03
26683,23.84,-0.03
26684,25.54,-0.03
26687,4.12,0.03
26690,5.74,0.06
26775,2.48,0.02
26798,3.02,-0.01
26808,14.3,0.01
26809,5.68,0.0
26818,4.74,0.03
26845,2.02,0.05
26859,10.6,0.01
26894,8.61,0.12
26913,40.97,1.17
26914,38.95,1.11
26945,1.93,0.02
26981,2.88,0.0
27000,7.46,0.03
27003,6.99,-0.01
27010,0.71,0.01
27011,2.64,0.03
27013,1.58,0.02
27014,71.0,0.49
27016,59.07,0.61
27018,74.81,1.28
27019,11.64,-0.01
27020,5.61,-0.01
27023,2.83,0.02
27036,15.49,0.06
27045,70.15,1.66
27048,94.21,10.28
27082,3.78,0.01
27083,3.18,0.0
27084,3.85,0.01
27085,2.72,0.0
27086,343.68,0.05
27087,342.69,0.21
27088,343.34,0.17
27089,353.83,0.17
27090,351.13,0.17
27091,353.94,0.17
27092,349.99,-0.17
27093,360.76,-0.17
27094,364.06,-0.17
27095,361.3,-0.01
27096,111.13,0.05
27098,532.3,-0.07
27099,527.71,-0.04
27100,529.85,-0.06
27101,519.23,-0.03
27102,523.56,-0.04
27103,516.43,-0.03
27104,496.08,-0.02
27105,510.21,-0.03
27106,506.09,-0.03
27107,499.79,0.04
27108,497.42,0.04
27109,497.25,0.04
27146,10.75,0.02
27147,17.28,0.07
27148,7.08,0.0
27149,7.69,0.01
27150,8.19,0.02
27151,10.33,0.02
27152,9.76,0.01
27153,9.07,0.01
27164,46.19,1.14
27165,46.98,1.26
27166,21.95,0.62
27167,23.49,0.38
27168,21.99,0.38
27169,17.34,0.5
27170,22.52,0.69
27171,22.69,0.77
27172,21.32,0.21
27173,22.72,0.07
27184,6.9,0.01
27185,8.2,0.02
27186,4.54,0.01
27187,5.81,0.01
27188,4.82,0.01
27189,8.45,0.02
27190,8.9,0.03
27205,5.87,0.01
27227,6.69,0.3
27228,6.84,0.3
27242,84.65,2.02
27254,1.31,0.04
27255,1.67,0.01
27271,1.86,0.01
27282,1.1,0.01
27283,1.17,0.0
27284,1.19,0.01
27285,1.23,0.02
27294,57.25,0.68
27295,58.93,0.74
27296,56.87,0.68
27297,58.53,0.67
27298,57.63,0.43
27299,59.6,0.45
27300,62.52,0.47
27301,61.87,0.39
27302,61.79,0.26
27303,62.49,0.77
27304,60.45,0.83
27305,65.4,0.87
27325,6.11,0.11
27326,5.89,0.02
27327,15.3,0.35
27328,5.16,0.23
27330,93.8,2.21
27381,0.0,0.0
27384,3.33,0.02
27386,0.0,0.0
27387,2.05,0.03
27413,17.07,0.01
27414,17.08,0.05
27415,16.82,0.01
27416,16.92,0.03
27428,52.9,1.86
27440,0.94,-0.01
27455,3.35,0.01
27461,26.44,0.36
27486,44.11,1.4
27512,16.29,0.25
27544,4.89,0.1
27549,2.86,0.0
27550,2.68,0.0
27551,2.56,0.01
27552,4.84,0.01
27553,3.21,0.0
27555,22.97,0.34
27556,68.51,0.14
27557,6.8,0.12
27558,8.12,0.08
27559,6.79,0.02
27560,7.6,0.04
27563,1.94,0.01
27579,15.05,0.11
27582,7.3,0.01
27583,7.87,0.01
27584,7.88,0.01
27604,2.45,0.02
27605,5.53,0.1
27609,2.38,0.02
27611,2.42,0.02
27612,0.0,0.0
27650,3.66,0.02
27655,35.34,1.2
27656,18.19,0.0
27657,18.09,0.01
27670,3.46,0.02
27672,3.16,0.0
27688,4.79,0.03
27689,5.93,0.04
27690,3.19,0.18
27691,3.6,0.0
27692,2.01,0.01
27694,15.37,0.03
27695,11.15,0.01
27696,14.46,0.03
27697,15.45,0.03
27698,15.39,0.04
27699,14.02,0.05
27700,10.65,0.14
27701,10.6,0.13
27702,9.16,0.01
27703,15.47,0.06
27704,16.86,0.04
27705,15.65,0.19
27706,13.1,0.05
27707,17.4,0.03
27708,15.84,0.03
27720,5.25,0.03
27728,4.07,0.0
27729,5.42,0.01
27730,4.6,0.21
27748,9.12,0.0
27754,89.77,0.81
27755,84.11,0.82
27756,89.78,0.88
27757,104.63,1.09
27758,102.63,0.55
27760,76.68,0.22
27762,7.06,0.13
27763,94.42,2.74
27764,68.37,0.61
27766,24.64,0.51
27767,49.97,0.84
27773,9.61,0.16
27797,9.74,0.13
27799,8.0,0.07
27804,16.48,0.43
27880,22.73,0.18
27881,37.52,0.58
27882,50.95,0.21
27885,2.32,0.02
27886,22.37,0.28
27888,4.16,0.19
27891,6.48,0.09
27892,27.36,0.28
27893,37.37,0.18
27901,1.7,0.01
27902,2.74,0.03
27903,2.9,0.0
27904,0.45,0.01
27905,0.04,0.01
27906,2.48,0.0
27959,5.67,0.01
27960,5.58,0.03
27964,1.91,0.02
27972,0.11,0.0
27974,13.97,0.0
27975,13.61,0.01
27976,14.42,0.12
27977,11.4,0.32
27978,0.4,0.01
27998,0.21,0.0
28010,0.43,0.0
28035,8.64,0.0
28038,8.07,0.0
28054,0.95,0.0
28055,7.24,0.06
28063,7.22,0.01
28064,8.51,0.02
28065,8.42,0.03
28066,7.4,0.02
28067,7.72,0.02
28068,8.21,0.02
28069,8.34,0.02
28070,9.72,0.03
28071,9.82,0.03
28072,9.45,0.02
28073,9.62,0.07
28074,9.71,0.03
28075,9.89,0.05
28076,9.42,0.03
28211,0.48,0.0
28280,31.17,0.52
28281,44.05,0.99
28285,1.01,0.0
28289,6.11,0.28
28292,7.22,0.08
28304,0.71,0.0
28305,0.88,0.0
28306,0.86,0.0
28313,7.73,0.07
28314,4.42,0.1
28315,3.08,0.06
28318,4.21,0.11
28395,0.79,0.0
28396,194.55,5.24
28408,0.77,0.0
28454,1.09,0.02
28476,3.42,0.01
28477,5.07,0.01
28492,3.12,0.01
28493,3.38,0.02
28500,4.96,0.0
28521,2.6,0.03
28528,10.08,0.09
28601,2.57,0.03
28602,2.59,0.03
28603,4.11,0.22
28604,3.93,0.06
28605,0.52,0.01
28606,4.93,0.08
28607,20.18,0.3
28608,21.76,0.31
28609,8.08,0.1
28611,6.45,0.28
28612,2.53,0.17
28656,2.67,0.06
28657,2.91,0.04
28718,13.29,0.31
28719,4.62,0.03
28721,3.47,0.0
28723,29.94,1.48
28724,22.46,0.2
28726,21.61,0.41
28766,7.46,0.08
28778,1.07,0.0
28791,1.55,0.01
28792,1.79,0.01
28793,7.57,0.0
28808,100.75,0.08
28834,42.01,0.21
28835,39.0,0.01
28843,0.13,0.0
28844,0.13,0.0
28845,0.29,0.0
28852,9.09,0.03
28869,6.4,0.0
28881,0.5,0.02
28922,3.21,0.07
28929,0.86,0.01
28943,11.24,0.11
28946,0.91,0.0
28947,1.26,0.0
29099,75.2,0.08
29100,74.48,0.02
29101,73.77,0.0
29102,73.65,0.34
29103,73.77,0.35
29104,73.77,0.0
29105,59.27,0.14
29107,65.16,0.0
29108,65.98,0.02
29109,66.43,0.08
29110,65.2,0.14
29111,1.49,0.03
29124,1.08,0.0
29130,0.01,0.0
29132,0.89,0.01
29212,7.05,0.03
29213,4.31,0.0
29215,7.08,0.01
29216,3.65,0.0
29221,7.49,0.33
29223,3.25,0.04
29244,17.65,0.27
29263,8.53,0.04
29264,1.06,0.01
29265,13.38,0.05
29311,7.04,0.08
29358,3.24,0.01
29393,10.92,0.22
29438,3.43,0.14
29450,30.56,1.23
29451,5.21,-0.01
29452,4.99,0.02
29513,2.94,0.0
29518,7.46,0.0
29557,1.71,0.06
29579,1.93,0.01
29597,12.56,0.07
29619,4.88,0.02
29659,0.39,0.04
29679,2.16,0.0
29873,12.85,0.04
29874,8.11,0.02