cycle_id,survival_rate,ADP
3458,77.67391834148894,0.26636363636363636
3459,77.54821294466355,0.2658333333333333
4044,88.46767270519932,0.2530769230769231
4045,88.63991440100195,0.2623076923076923
4046,88.85697018200857,0.25
4047,92.22755412973744,0.23083333333333333
4048,89.55062747292071,0.21846153846153846
4181,84.01603428449813,0.26
4233,64.3025426247,0.15
4238,8.653356590497717,0.363
4239,27.092050817992497,0.274
4241,19.89794674213385,0.314
4309,76.35635991689159,0.49399999999999994
4442,82.24688071987207,0.19166666666666665
4446,75.6939276599908,0.155
4514,98.1750083427983,0.18
4515,85.77536807224024,0.11
4551,56.95087966103929,0.20500000000000002
4750,96.9805146294582,0.2816666666666667
4751,98.3422278673227,0.29
4887,99.27601999063316,0.28
4938,72.10375011338219,0.20750000000000002
4946,59.79770997667643,0.265
5222,66.0253026639716,0.25458333333333333
5223,71.54036232102031,0.2645454545454546
5435,42.42165227722069,0.36333333333333334
5677,52.44810621228616,0.4633333333333334
5731,80.6825648465585,0.18666666666666668
5902,83.46202707365893,0.33916666666666667
5903,82.8974510519029,0.3427272727272727
5918,96.1976380036848,0.3584615384615385
5919,43.90781256104923,0.3646153846153846
5920,56.95209887821574,0.3190909090909091
5921,65.21817369281622,0.3054545454545454
6628,89.92740360667068,0.23500000000000001
6952,99.4146223881674,0.07
7273,58.90584925193999,0.2
7276,54.95022145229741,0.17500000000000002
7277,43.25198894915013,0.2
7289,39.9329049217614,0.18
7293,60.10461399309205,0.2
7303,52.12972943316759,0.2
7605,49.770634647735015,0.12666666666666668
7617,60.59825112925746,0.14500000000000002
7622,71.84075393683952,0.27
7876,74.97985161528628,0.280625
7991,99.05151142690644,0.43714285714285717
7995,94.33799906398995,0.37857142857142856
7996,82.9238059558846,0.44857142857142857
7997,91.34193130449046,0.415
7998,86.98571196323829,inf
7999,96.09075274383022,0.4757142857142857
8000,99.27811522717133,0.4414285714285714
8005,92.18740165058648,inf
8006,99.39520759795762,0.3566666666666667
8008,93.99744694727504,0.32571428571428573
8011,97.3893057870662,0.49142857142857144
8012,98.51869707061456,0.4228571428571429
8013,89.64404609934623,0.5133333333333333
8014,98.65480988085989,0.47333333333333333
8092,45.21080511161498,0.15
8259,81.44642618973315,0.122
8265,61.424315967341634,0.10200000000000001
8266,30.885582890441476,0.105
8292,98.79552427971808,0.395
8475,99.36751095686996,0.20500000000000002
8578,69.98459215385384,0.24
8716,98.57930559401926,0.12
8985,60.45232682553771,inf
9057,77.10275824930791,
9058,97.34187928423398,
9090,81.50389087710076,0.23076923076923078
9091,76.72056869853776,0.23692307692307693
9093,84.67782595279257,0.21923076923076923
9094,75.17350012391039,0.23923076923076922
9095,80.38529130902972,0.24461538461538462
9096,69.13955297253244,0.3046153846153846
9097,73.42526444684209,0.2561538461538462
9098,80.039470721104,0.25076923076923074
9100,81.22603533521216,0.23153846153846155
9101,73.76581854192456,0.26
9102,98.51991842169268,0.29444444444444445
9103,99.50993342546344,0.2822222222222222
9104,90.34009988399404,0.31444444444444447
9105,92.68406265901037,0.23333333333333334
9106,93.56767767367714,0.23111111111111113
9399,35.67548739296125,0.016666666666666666
9545,23.802018128918952,0.39
9877,87.97162351507733,0.11
9921,31.671300736882937,0.165
9989,55.04504069021102,0.28
9993,75.83523207264412,0.19999999999999998
9998,16.030265840665894,0.14666666666666667
10000,80.60488517773499,0.27
10004,98.4962935226919,0.55
10005,93.21919323770491,0.11
10010,99.83488437802936,0.39749999999999996
10027,98.9511608167758,0.08
10031,99.83550300484605,0.185
10042,99.07263797614694,0.13
10043,99.16236861225916,0.11
10044,99.077095401723,0.2714285714285714
10046,75.17948391393755,0.2925
10070,69.0471161185504,0.36633333333333334
10071,63.090324653268254,0.393
10072,65.31728308291345,0.37689655172413794
10191,40.84776808573408,0.29333333333333333
10195,62.07550230078592,0.4227272727272728
10196,69.55378613780012,0.32
10197,66.66465813596733,0.38818181818181813
10198,46.293925509150846,0.1925
10200,17.904907532574214,0.26333333333333336
10201,82.17287958577313,0.26833333333333337
10241,88.99350404309631,0.258
10242,95.85952215134768,0.34875
10258,47.72101915314045,0.19666666666666668
10358,98.8077234370014,0.1
10366,99.92110464285716,0.2671428571428572
10367,98.9113531945723,0.284
10400,80.64593947012955,0.3375
10408,99.792444465393,0.11000000000000001
10414,33.0483508517327,0.26333333333333336
10703,42.22950739062465,0.3385714285714286
10704,45.47430915519836,0.325
10705,45.91409544017027,0.29333333333333333
10706,37.11254809781835,0.275
10710,36.69087057748582,0.36428571428571427
10711,37.02828922060039,0.31285714285714283
10712,37.595300292330094,0.25
10713,28.49292197046088,0.31428571428571433
10714,26.73816308443272,0.3666666666666667
10718,99.112979567641,0.304
10719,99.18543325751592,0.254
10737,96.02692971281152,0.24333333333333332
10759,32.001132500239045,0.38999999999999996
10763,99.78633593262948,0.3433333333333333
10764,89.68828556037643,0.20500000000000002
10771,70.36799411191086,0.2644444444444444
10772,74.99563008997009,0.29000000000000004
10984,18.36272963525753,0.288
11017,96.98454424536295,0.405
11042,25.31658315792051,0.28
11044,45.40544106859057,0.19499999999999998
11080,19.397188368086177,0.2
11081,15.283045445129195,0.12666666666666668
11149,60.797052987518185,0.6
11168,94.36026633430627,0.36166666666666664
11225,33.76479079664391,0.16
11304,49.543235625462856,0.06999999999999999
11317,93.3521245111588,0.185
11338,84.65450235821318,0.22
11339,74.92146597148438,0.17
11340,97.47671550588848,0.27
11341,90.18503223240428,0.3
11342,54.397668888187546,0.39
11345,29.94623331392493,0.39
11346,60.10662939760391,0.17
11352,29.171118630715544,0.23000000000000004
11509,22.23749300701192,0.25666666666666665
11544,33.380752665472336,0.47
11609,71.0267156306309,0.28250000000000003
11632,91.94808739413422,0.62
11638,66.12368566903056,0.29
11639,27.26858683142292,0.262
11675,66.54328381299374,0.2333333333333333
11680,93.87267937033654,0.19
11741,17.40811947289624,0.215
11774,99.74453867285222,0.5242857142857142
11775,94.19712182887532,0.45199999999999996
11789,92.04311442053094,0.4666666666666666
11797,54.597233934173694,0.16749999999999998
11922,97.97324183751704,0.36999999999999994
11926,95.48475735287312,0.3233333333333333
11927,98.5524748879008,0.33714285714285713
11928,89.86489315730392,0.2642857142857143
11931,81.74103582470023,0.35833333333333334
12021,88.92104086375602,0.5233333333333333
12025,59.75212168715276,0.25666666666666665
12065,96.75214427415716,0.305
12067,95.67496984368796,0.32999999999999996
12072,95.6834498894774,0.348
12163,98.53929499939808,0.3083333333333333
12323,46.59114773328038,0.18333333333333335
12324,48.29401774126284,0.09666666666666666
12325,64.56305594386194,0.18666666666666668
12332,92.40340302294643,0.11333333333333334
12336,90.73429746030834,0.15000000000000002
12341,99.15977664377834,0.132
12347,74.1418527323034,0.39
12348,47.87339738108841,0.305
12349,58.97549815280369,0.3433333333333333
12350,65.878314679791,0.2625
12351,42.84782763727343,0.25
12354,48.20637514480072,0.2475
12357,49.17296808845568,0.158
12359,45.701865452823306,0.22000000000000003
12361,54.02257231830475,0.20800000000000002
12362,85.57540118125803,0.20500000000000002
12453,37.03974235974779,0.26666666666666666
12484,38.664748753958456,0.11
12491,41.74141490721928,0.13
12504,46.78248340986544,0.23
12505,54.310714934132335,0.16
12506,49.94586737253329,0.36
12572,98.36809234768224,0.23500000000000001
12639,41.7711043878235,0.2125
12705,87.09576492650372,0.36428571428571427
12850,92.60882804699644,0.35
12851,92.52779249536088,0.33499999999999996
12852,75.0494467901362,0.3325
12853,98.3425918862592,0.415
12854,80.64572666238519,0.3725
12855,73.54678676108334,0.3575
12856,99.52126845158112,0.32
12857,48.05655433415141,0.4275
12859,91.10573014088968,0.36
12860,94.01202968139548,0.37
12862,79.27100268716097,0.37
12864,87.64868278736262,0.355
12865,87.91248850145176,0.395
12866,87.80813598568085,0.34
12867,91.17589059817232,0.42000000000000004
12868,12.731313532239035,0.33
12869,87.42646540893294,0.36
12978,53.66170477382982,0.15
13024,87.67881432574356,0.30625
13112,71.8343045115401,inf
13114,97.90366133968156,0.29
13117,20.73277334791971,0.2
13166,95.19995802171684,0.22249999999999998
13198,27.56019502223137,0.30625
13308,76.03482841252227,0.28285714285714286
13414,46.42759998719419,0.505
13419,85.0971725267978,0.33
13451,27.40332297100776,0.38000000000000006
13452,43.432619937597416,0.425
13667,62.81770958406364,0.258
13710,32.54643450740323,0.27599999999999997
13774,66.30025929742042,0.21
13777,89.90886927329892,0.31833333333333336
13791,74.37163761307939,0.44166666666666665
13888,49.80306525346013,0.25555555555555554
13892,67.31085451113617,0.28
13913,59.97003405202489,0.305
14045,99.0340498244838,0.33
14046,98.8456248224488,0.3078571428571429
14047,98.21873420198808,0.29900000000000004
14114,98.90575633306236,0.175
14154,80.09277601839274,0.40888888888888886
14155,77.50866747804744,0.37
14220,97.85839862179488,0.20083333333333334
14223,98.6182907010496,0.18153846153846154
14289,60.89091993007508,0.4328571428571429
14324,93.01370737966816,0.35384615384615387
14325,93.7743993119848,0.32666666666666666
14326,96.378266624209,0.35083333333333333
14327,97.46599093194102,0.31769230769230766
14328,98.39578345464992,0.31071428571428567
14329,99.16632552526453,0.3225
14344,63.01550482739437,0.18333333333333335
14345,59.41023946448702,0.16166666666666665
14346,68.61472724470245,0.13166666666666668
14368,87.2730058493053,0.4083333333333334
14506,94.48276434086064,0.31583333333333335
14522,65.98337878091898,0.098
14576,48.89838877824877,0.3233333333333333
14577,51.30549054773101,0.1575
14578,33.23042012306808,0.0975
14579,65.8785957887681,0.23666666666666666
14580,24.90496830712242,0.22166666666666668
14604,86.73995470646832,0.28076923076923077
14614,99.756670989566,0.3733333333333333
14630,55.3980863186176,0.21384615384615385
14691,63.992228885425554,0.325
14824,88.45036517882137,0.315
14877,62.6793853861837,0.35000000000000003
14878,36.139680837820464,0.18999999999999997
15005,95.57170753371898,0.364
15006,52.36981478422561,0.366
15015,70.94651940623646,0.2975
15016,77.2590425911993,0.26
15017,77.51954970591369,0.26
15060,12.451430477518558,0.29
15067,21.314864629098984,0.244
15106,98.79755167604728,0.27
15107,96.4715650589584,0.27
15108,44.31306362385436,0.17500000000000002
15213,10.492637050360214,0.905
15214,10.622880119143282,0.23
15215,9.575109816885622,0.29
15216,9.777513552640608,0.41
15217,8.059782974572155,-0.06999999999999999
15219,8.00455586270254,0.19
15221,8.05862418179086,0.45
15288,97.40824603335662,0.22444444444444445
15289,88.64773488968255,0.17285714285714285
15301,93.67149335568884,0.37124999999999997
15303,53.97387596228703,0.312
15304,68.22075268312284,0.27999999999999997
15305,76.34469396799433,0.3333333333333333
15307,58.45878654481943,0.45999999999999996
15309,68.02307552125707,0.306
15312,88.92686642137633,0.44
15316,74.96064367630271,0.27199999999999996
15399,54.02773641559192,0.48
15402,86.61979360052473,0.375
15404,99.20247882547731,0.44000000000000006
15405,99.24036026882663,0.24
15413,67.58180955970228,0.5071428571428571
15432,11.45618800728955,0.47833333333333333
15433,16.302976805478668,0.4166666666666667
15434,20.77126794115915,0.43124999999999997
15435,53.05164508633851,0.36428571428571427
15462,57.53217867849354,0.31875
15491,16.873888426508717,0.2966666666666667
15492,22.21430125589238,0.17333333333333334
15493,89.30538090710412,0.1275
15494,55.6724075450231,0.15
15495,14.438428358847617,0.21000000000000002
15496,8.427752924529464,0.29
15497,25.38893958877724,0.27749999999999997
15498,30.97781352062843,0.08
15499,24.26847118397885,0.10999999999999999
15500,5.156357908898947,0.2925
15502,85.88047231228384,0.125
15503,22.084624136714677,0.11333333333333333
15504,32.449814077613226,0.16
15505,66.04205828424358,0.1175
15507,40.658988191101,0.39999999999999997
15508,46.97676169393288,0.3983333333333334
15509,34.05025570124687,0.4
15510,4.229220653006664,0.42
15511,27.02019915111233,0.32857142857142857
15512,84.25791759630022,0.44999999999999996
15513,14.33809187712272,0.43166666666666664
15514,21.4395464190329,0.4383333333333333
15515,48.95089463498536,0.4583333333333334
15516,13.915110028709693,0.4116666666666666
15568,74.42930185939849,0.2928571428571428
15660,62.54821468889536,0.36333333333333334
15662,85.93089946443365,0.28555555555555556
15682,20.10712628840529,0.22285714285714286
15750,27.75534413157033,0.52
15752,71.96311662012569,0.4014285714285714
15754,39.37691412563961,0.502
15756,71.02914493854406,0.27666666666666667
15757,99.68979907449032,0.2777777777777778
15758,97.81572311288392,0.24
15762,49.12312211334861,0.7275
15763,35.429500085587925,0.26
15766,40.805624555496685,0.3114285714285714
15768,41.27416817994959,0.39
15769,80.21272200567401,0.46444444444444444
15772,12.781753570104216,0.135
15773,60.59314685004267,0.44699999999999995
15774,92.00804183802836,0.312
15775,99.52111950904488,0.2785714285714286
15778,83.76041374405838,0.28625
15786,61.00127164042389,0.14
15787,83.60397884772998,0.47
15789,35.52128513441981,0.186
15790,98.88096830963153,0.21
15802,99.73927425764047,0.24846153846153846
15809,39.97998576608605,0.275
15811,23.74370767593989,0.08
15813,96.42800300477344,2.01
15819,81.83612963698104,0.5
15835,28.968876768457708,0.4571428571428572
15836,60.525153054464994,0.4811111111111111
15869,10.427300194168874,0.275
15935,84.01344053329562,0.15
15936,99.11436066220816,0.25625000000000003
15941,29.92860535155465,0.38
15942,12.315591540521025,0.19
15970,73.93522459986882,0.12714285714285714
15977,98.375693390327,0.38625
15982,28.493131180047584,0.33999999999999997
15983,24.48473288516653,0.3
16006,51.05627460137527,0.35250000000000004
16008,51.61024750352126,0.14857142857142858
16038,67.41906450882483,0.2488888888888889
16039,74.5585383772026,0.29874999999999996
16040,12.235340208840867,0.25666666666666665
16041,73.56602447918885,0.274
16042,51.97350166317426,0.32
16044,77.71541941947328,0.278
16045,59.85077748612581,0.22999999999999998
16046,71.57645369785872,0.37
16047,25.174539078187607,0.195
16048,37.756431565614925,0.32666666666666666
16049,32.39798214292168,0.33666666666666667
16050,44.24366644800777,0.3925
16051,44.1578799878988,0.49
16052,14.083124368607406,0.16333333333333333
16054,26.54465920326077,0.26
16055,29.33279297784817,0.24333333333333332
16056,23.84884467384096,0.3133333333333333
16057,31.675969997233047,0.35125
16058,24.6401159022568,0.24125000000000002
16065,99.65603435137577,0.236
16067,98.9674569282074,0.246
16086,99.82140659090912,0.215
16107,71.9777222818304,0.31
16108,53.70170391084188,0.2375
16136,38.68426772484755,0.03
16137,7.865040977282524,0.06
16138,47.17141909328995,0.09
16142,51.732233045767984,0.14500000000000002
16155,23.09665175836048,0.21666666666666667
16156,23.18916712814864,0.13999999999999999
16157,29.79348386946601,0.19666666666666666
16158,3.73406324104771,0.16333333333333333
16159,10.363096727872096,0.11
16160,31.231469946194885,0.17666666666666667
16161,13.780713932977356,0.22999999999999998
16162,40.67099079699397,0.29000000000000004
16163,25.098264279809182,0.21666666666666667
16164,97.78036279104236,0.18333333333333335
16165,34.97899456006498,0.17666666666666667
16166,16.34666242035055,0.135
16167,15.067382241878914,0.17
16251,90.74140114185722,0.178
16252,94.21174419367128,0.13
16253,91.45082371532834,0.164
16267,42.74999579732866,0.21999999999999997
16271,10.805905453492173,0.18666666666666665
16272,11.565002595479712,0.24000000000000002
16278,70.18411110840957,0.36
16293,98.96631757358163,0.29700000000000004
16294,47.4257984232161,0.33799999999999997
16298,57.19828382347115,0.19000000000000003
16323,52.131396916804064,0.2725
16325,98.48687241209804,0.02
16327,75.11848034086181,0.2125
16328,76.76182975518887,0.2425
16329,73.82996811388357,0.24
16330,87.74077665076192,0.17250000000000001
16331,77.9764480541073,0.215
16332,83.20416231674645,0.1875
16333,76.18396989906647,0.1925
16334,81.19054683885011,0.195
16335,92.41586967229858,0.30500000000000005
16336,65.37087014269414,0.31666666666666665
16337,89.84981592885332,0.26
16338,82.82342093095103,0.33
16339,67.98750128089236,0.215
16340,67.9807518720511,0.2
16341,99.0899143231333,0.235
16342,62.26931614865526,0.29500000000000004
16343,70.81101458163562,0.245
16344,77.78462146845112,0.235
16345,82.87216089921075,0.265
16347,99.6032231052716,0.29
16348,96.35390066270202,0.27
16349,24.53425788398158,0.28
16350,97.64794229255766,0.25
16351,65.75283577981273,0.2
16352,55.06465554619872,0.31
16354,70.01369317541646,0.23
16356,60.61212559037641,0.23
16358,66.29553359348084,0.23
16360,86.05697740193827,0.24
16361,84.37389548918328,0.15
16363,90.3307694014968,0.26
16365,99.01813610757708,0.28
16372,99.4007600794308,0.22599999999999998
16374,99.44167305912656,0.242
16384,99.95643777777777,0.07
16394,78.45275947516907,0.3233333333333333
16415,9.84156128398834,0.33999999999999997
16424,15.423598611854407,0.29
16428,16.41673977793476,0.24666666666666667
16429,13.405361907229906,0.41333333333333333
16469,12.922314189991017,0.15666666666666665
16483,52.34559424976594,0.28
16485,54.99779260205263,0.2933333333333333
16486,97.44668340230574,0.21
16487,22.18118497490513,0.365
16488,73.59364183282102,0.20625
16489,35.320096626301975,0.37
16497,60.82735295309621,0.25142857142857145
16498,66.37062728824553,0.3211111111111111
16499,55.61457476779309,0.3418181818181818
16500,12.27652217109158,0.36875
16501,73.08714053375576,0.2
16502,74.33941676271198,0.24571428571428575
16503,33.04156577009218,0.18875
16512,23.87174899814954,0.3609090909090909
16513,45.34527233558693,0.15142857142857144
16563,38.51973376005174,0.26
16575,94.68523656597544,0.312
16588,77.52962340839825,0.22666666666666668
16624,98.6628687945746,0.34714285714285714
16625,22.576452202599302,0.2928571428571428
16636,34.126602455026934,0.1475
16637,20.69454986237401,0.18857142857142858
16666,77.42004832554545,0.43
16675,73.7043855476033,0.39
16708,98.88230211339584,0.27375
16709,99.1906033128908,0.26375
16711,99.23017763912014,0.26625
16712,99.69712087259964,0.26625
16755,47.13022887289184,0.33
16799,41.05590122762287,0.27
16800,38.54549368025234,0.3275
16801,97.51907520118576,0.26666666666666666
16802,98.05187132933276,0.26833333333333337
16803,9.542874951802007,0.35000000000000003
16810,6.641692913568342,0.398
16811,37.896914228698,0.19000000000000003
16842,83.4304474057152,0.32833333333333337
16845,91.35410236275264,0.23545454545454544
16910,96.23091596612268,0.43374999999999997
16922,75.40847567240215,0.32875
16938,78.66877193620152,0.33375
16940,68.73349463165617,0.355
16941,70.12622621252625,0.33125
16942,68.81489250606388,0.33
16952,89.31719141905032,0.2927777777777778
16958,31.10326990470761,0.35333333333333333
16961,27.174398754995845,0.3931578947368421
17031,10.027711403210512,0.59
17032,98.24792548502352,0.28777777777777774
17033,92.49557582863233,0.28111111111111114
17034,40.64197486549456,0.24
17043,16.45276450071442,0.4025
17044,24.54413760628904,0.1575
17050,31.21918390333481,0.15
17076,75.12261307686954,0.3125
17112,5.191182403237313,0.14500000000000002
17117,55.151944752941866,0.15
17125,8.612816101499552,0.16999999999999998
17126,27.349065202207356,0.25
17162,79.39723476899711,0.2233333333333333
17191,99.02748941095942,0.29545454545454547
17192,99.57420052739472,0.3336363636363636
17193,67.32280673663327,0.34454545454545454
17194,98.42317739653852,0.2772727272727273
17201,5.383040798694339,0.26
17225,98.73218065851354,0.312
17233,51.68826894712857,0.3
17266,69.58385953254091,0.33555555555555555
17277,88.10021968700141,0.211
17278,80.052890959332,0.18
17325,21.368720624938653,0.19333333333333336
17330,42.12416118376376,0.12666666666666668
17339,23.356491184383056,0.23
17364,8.345385401929514,0.12
17384,50.98181881025351,0.19
17385,92.19616340947996,0.2425
17386,88.09987935908588,0.235
17401,48.50172401455658,0.23249999999999998
17402,89.58222020706424,0.19333333333333336
17403,38.5457684099764,0.33999999999999997
17404,83.66681618832837,0.472
17405,83.78489557747336,0.37
17449,99.24090450164142,0.215
17450,71.30452027163895,0.19000000000000003
17451,94.41243123170476,0.19000000000000003
17452,99.73418925661213,0.265
17453,96.895357372241,0.2625
17532,44.61020595336194,0.19062500000000002
17574,98.76317861729774,0.49375
17575,96.8662577385088,0.25999999999999995
17589,96.4973832776762,0.345
17609,93.29012009297698,0.15833333333333335
17624,81.11770172356935,0.3775
17625,67.9485763607465,0.28
17626,46.463646645725255,0.36999999999999994
17627,61.99812795168945,0.2833333333333333
17628,5.587468479125787,0.13444444444444445
17631,26.744206085528223,0.1461111111111111
17632,40.75769694787054,0.195
17633,34.21535981571734,0.193125
17634,38.34464232380021,0.18133333333333332
17636,46.84377727709809,0.185625
17637,24.241938410848253,0.14705882352941177
17639,64.67736976337301,0.2842857142857143
17640,17.555668720353726,0.1577777777777778
17686,88.22811194469162,0.20444444444444443
17687,5.350221168061239,0.13
17693,64.48125284810963,inf
17704,98.17755610306357,0.27
17706,96.11119564236732,0.33999999999999997
17717,99.3693706342268,0.354
17718,99.69068356143856,0.236
17719,76.50190588450161,0.248
17720,95.08472723231291,0.172
17721,99.88194221380472,0.19
17726,83.27382987252997,0.2711111111111111
17727,97.43721934937916,0.22
17728,97.24579559418184,0.1988888888888889
17729,84.48080897984232,0.26
17730,89.5040861010105,0.22666666666666668
17732,93.4145784046638,0.22
17733,97.3243846253352,0.23666666666666666
17734,82.57181312101123,0.23555555555555557
17735,94.65045507232216,0.2611111111111111
17736,82.23255112584106,0.23666666666666666
17738,95.74877869448322,0.24000000000000002
17739,91.99976163782192,0.24000000000000002
17740,91.70016989747396,0.24222222222222223
17741,77.5433977481647,0.26666666666666666
17742,86.51066303879577,0.23444444444444448
17743,71.11680510152358,0.26166666666666666
17744,79.36292056212858,0.23000000000000004
17745,99.42871662393163,0.20555555555555557
17746,74.11136268903437,0.28555555555555556
17747,76.09001143801918,0.27
17749,84.92929127305311,0.26333333333333336
17750,61.463265325938906,0.13666666666666666
17751,87.68429785570426,0.23888888888888887
17752,99.23060131144726,0.24444444444444446
17753,87.18205162444275,0.24333333333333332
17814,37.84841807095996,0.265
17828,91.07314646812569,0.16
17832,52.30915267053294,0.17
17834,29.37515072970575,0.14
17841,98.23747781833907,0.022499999999999992
17857,25.28454533847416,0.29
17860,95.44853246161593,0.1675
17875,37.59780689261531,
17879,75.2033391030538,0.22
17880,76.79498103021267,0.23
17881,70.09179494600717,0.27
17882,67.5813699473408,0.08
17883,65.35886575969484,0.23
17884,66.90487659282986,0.24
17885,69.05319100857473,0.2
17946,95.29001374975832,0.3
18027,97.76241119407908,0.19
18028,93.57414397366288,0.285
18029,89.01579456220287,0.4166666666666667
18103,27.5596338490056,0.12
18108,4.463545718413392,0.145
18127,23.058629812173123,0.2966666666666667
18128,19.294039379560928,0.26
18129,21.85713788392907,0.31
18130,24.931756699327348,0.22666666666666668
18133,31.030835451515145,0.27666666666666667
18134,29.575206585478792,0.33666666666666667
18140,34.80464837826203,0.26
18142,22.290404326114928,0.3666666666666667
18148,45.65383903054393,1.07
18223,50.650975726443,0.17
18237,31.696316799037163,0.38
18241,26.546877832689617,0.20800000000000002
18253,18.62496372006262,0.138
18269,98.62858042067406,0.11
18277,64.5876576782266,0.29833333333333334
18325,87.86347248559177,0.12
18326,34.94208818263235,0.33
18359,94.57494286615945,0.3671428571428571
18361,99.07549955567852,0.2675
18362,98.93929356925209,0.26
18363,99.73744670514672,0.27
18367,60.07430056624201,0.33
18403,83.57205449725184,0.245
18404,6.037678264901306,0.4
18405,21.60152764963493,0.43
18424,82.31928808073162,0.13
18427,68.19652693822728,inf
18431,44.95311302621486,0.14
18447,67.30965717358865,0.495
18465,31.65244395295753,0.3525
18466,27.788663079422733,0.4166666666666667
18467,14.576609906953491,0.25333333333333335
18468,21.82169155317994,0.34
18483,60.70234529829318,0.2225
18484,73.84281488914655,0.255
18488,61.53956298227558,0.2625
18516,3.2617933072733383,0.3725
18518,65.70383856418532,0.1975
18521,59.99234317787806,0.18
18523,28.542410816874884,0.16999999999999998
18603,74.01168930746178,0.14
18604,75.99051284855909,0.19666666666666666
18606,99.8756407792208,0.24833333333333332
18607,63.64046885312312,0.26
18608,80.83601197831307,0.25
18609,58.17146224438334,0.30833333333333335
18610,98.49132301851472,0.25166666666666665
18611,99.1345287729318,0.25666666666666665
18614,60.73296760207846,0.31666666666666665
18615,1.596774365849837,0.6166666666666666
18616,60.18767297762966,0.3433333333333333
18620,99.13762353826726,0.25
18626,51.47003461051509,0.22600000000000003
18631,3.829375236048893,0.17
18633,17.049143057760684,0.049999999999999996
18635,59.17558825164387,0.25333333333333335
18637,49.303054960251686,0.26333333333333336
18669,68.04992650518484,0.36777777777777776
18670,79.68618845209777,0.27999999999999997
18671,84.953541872167,0.30222222222222217
18672,71.64998471052265,0.36888888888888893
18673,81.41030632147914,0.22999999999999998
18674,98.83220042317706,0.27555555555555555
18675,98.32965914348176,0.3344444444444445
18676,91.83419894172644,0.24500000000000002
18677,91.68920566359292,0.27599999999999997
18678,93.67395892942096,0.24222222222222223
18679,23.43997225576969,0.03
18726,93.39390077455772,0.27714285714285714
18732,95.90832644802632,0.31777777777777777
18733,95.05850709644136,0.33555555555555555
18734,92.92456175124232,0.30444444444444446
18735,87.29217998294351,0.2475
18736,90.78020909006032,0.2942857142857143
18737,96.54660354033211,0.288
18739,99.58053132182832,0.305
18740,98.69196235079932,0.31777777777777777
18741,98.12837539474884,0.30777777777777776
18742,98.04242396486616,0.2785714285714286
18743,95.08307118368012,0.3275
18744,97.38037505933217,0.3277777777777778
18745,95.68638490933382,0.3257142857142857
18746,98.8986452357462,0.3466666666666667
18748,91.8014332475756,0.31285714285714283
18749,95.25661250672329,0.31555555555555553
18750,93.61729720292357,0.27599999999999997
18751,91.58005884319222,0.2557142857142857
18760,62.27658081167752,0.215
18819,68.2204431415387,0.21000000000000002
18820,57.53597165912563,0.262
18828,28.56903606812247,0.07
18829,45.243158739675664,0.13
18831,59.12184294031047,0.075
18832,69.75767847669802,0.03833333333333334
18833,52.97412933739732,0.051666666666666666
18834,61.375075623447216,0.07666666666666667
18876,48.16969763930136,0.15636363636363637
18877,54.89803243459617,0.21666666666666667
18901,98.8295424832575,0.17454545454545453
18902,49.674025429591325,0.21333333333333335
18912,54.26982196722694,0.37
18919,92.06955289552252,0.395
18920,88.2902685891468,0.47500000000000003
18921,79.7671020615506,0.4266666666666667
18922,92.47693261943968,0.3666666666666667
18923,92.71200837613664,0.37833333333333335
18924,74.780580317946,0.3116666666666667
18925,92.27094886222464,0.39166666666666666
18976,44.91204835117936,0.255
19047,87.62902980435673,0.38
19049,60.85638907190962,0.4
19050,69.45284737849649,0.3625
19061,68.96548894521598,0.2757142857142857
19062,83.2290512398415,0.21571428571428572
19063,18.40970373350906,0.27999999999999997
19064,83.5402510881386,0.18
19065,83.7724509046324,0.24166666666666667
19066,4.065044149708792,0.6699999999999999
19067,99.43856245490348,0.15571428571428572
19068,87.63858740509997,0.19571428571428573
19072,98.68708619065303,0.19666666666666666
19077,4.092504895983186,0.46499999999999997
19078,5.390591825926335,0.26
19088,98.82180256558256,0.1
19090,99.8863537878788,0.3225
19092,97.9981580531506,0.23750000000000002
19124,41.828898254141365,0.292
19238,58.92231818403477,0.12000000000000001
19239,59.733018387391496,0.20625
19247,74.79101569163771,0.22
19252,59.74570961006495,0.125
19253,63.28364746217775,0.08750000000000001
19261,87.60708026978172,0.2333333333333333
19294,91.30945335212168,0.27888888888888885
19300,99.60523466254875,0.19833333333333336
19301,99.5201496727428,0.07142857142857144
19304,98.17035825221885,0.25166666666666665
19306,95.35495417402034,0.284
19307,99.58372838846336,0.21375
19308,99.45701904635938,0.23166666666666666
19309,99.45250208606208,0.2644444444444444
19311,88.83230155717834,0.2814285714285715
19314,99.26196096402504,0.242
19315,99.82757412641824,0.2285714285714286
19316,99.9494292829284,0.22000000000000003
19317,99.74968771567212,0.258
19318,75.16256617729492,0.2475
19320,99.41587438663188,0.252
19321,99.54961002812,0.21
19324,99.01644759781882,0.29
19366,96.43069606816924,0.21000000000000002
19367,98.47080318981394,0.1875
19369,60.344642003119446,0.3075
19370,67.09110947532758,0.27
19372,99.37376178922383,0.20500000000000002
19483,93.1866016241295,0.3133333333333333
19484,96.08797217629862,0.36375
19518,98.46095498000642,0.31875
19529,99.07843843105968,0.2564285714285714
19530,89.59148220680825,0.24571428571428572
19534,99.52952560726312,0.28785714285714287
19555,97.34129244246763,0.3116666666666667
19584,55.83042398800192,0.22499999999999998
19614,68.04175429523173,inf
19615,73.18674426637449,-inf
19629,80.99064490100314,0.19666666666666668
19630,91.7282144051951,0.15
19640,99.54734166767872,0.126
19676,99.75637701482069,0.08
19680,54.87610956638692,0.15
19681,99.3240747333059,0.11363636363636363
19682,99.60028050987952,0.135
19683,99.68498649736428,0.13
19684,99.66392593272668,0.119
19685,75.63030655268881,0.1311111111111111
19686,92.26432315686364,0.1411111111111111
19687,90.02456668032958,0.13555555555555554
19688,92.0846556680611,0.12666666666666668
19689,67.17363457245371,0.16142857142857145
19691,79.02317756106025,0.15857142857142859
19692,77.05707563350869,0.15714285714285717
19693,69.02904574769728,0.1542857142857143
19696,89.20033295593976,0.09571428571428572
19697,88.49659428082333,0.10857142857142857
19700,73.1710904982781,0.13777777777777778
19777,99.53200118935531,0.25
19778,99.52303452268865,0.23500000000000001
19779,99.39115946496857,0.2275
19780,98.20201274290795,0.26
19781,97.75785486953576,0.2375
19808,98.8835544172032,0.24642857142857144
19822,94.459525850578,0.1842857142857143
19824,86.10916064422466,0.25
19940,83.32455190396223,0.21
19941,64.81195506920254,0.25
20026,85.31156078195482,0.454
20027,53.828968082386034,0.479
20124,92.29475138801888,-inf
20136,23.97802782765177,2.07
20150,57.41950919022672,0.22875
20151,54.87574052155889,0.2275
20152,54.66738606865068,0.2316666666666667
20184,55.28721255905451,0.39499999999999996
20189,98.98321797938176,
20190,97.0838247135792,-inf
20197,43.8965642767176,0.16833333333333333
20404,91.72530483286046,0.3025
20405,97.31287927955482,0.3383333333333334
20529,90.53858666557576,0.225
20530,93.12506286005387,0.2
20585,90.01930487631427,0.34875
20586,74.5090695662141,0.31333333333333335
20610,53.436269866081744,0.165
20614,80.37093894390922,0.13833333333333334
20615,64.93159319910754,0.194
20616,62.46031469364025,0.186
20617,24.42086584397256,0.3
20618,17.619789166036217,0.24
20640,81.29089252864995,0.11750000000000001
20641,74.36797755106221,0.14
20658,82.33718622449157,0.23642857142857143
20659,92.47099220934356,0.23
20660,85.6412065214614,0.2323076923076923
20661,93.78143388100666,0.2630769230769231
20662,96.35674722301736,0.24846153846153846
20663,59.71364821725605,0.2076923076923077
20664,89.72757724709989,0.20923076923076925
20665,82.8840489932887,0.14
20666,63.590070793119146,0.19230769230769232
20667,90.37938046967795,0.20769230769230768
20668,70.00922967335069,0.18923076923076923
20669,89.46627836081528,0.16999999999999998
20671,69.59250016266257,0.20923076923076922
20672,87.8714846753702,0.16461538461538464
20739,77.7898879077728,0.12
20741,52.03972342876678,0.22
20742,90.38949118096907,0.065
20750,54.92517233420563,0.25333333333333335
20751,77.1772272159407,0.09
20752,76.4746413153271,0.13
20756,14.511197406537391,0.26
20762,14.163727618552477,0.05
20763,99.56250199230507,0.22
20764,97.22280656270456,0.05
20765,80.73662319259053,0.08
20770,35.154439956300195,0.18
20771,99.04994905030584,0.5700000000000001
20800,98.90146368483398,0.07
20835,12.303670827165757,0.195
20836,93.3191795570813,0.21000000000000002
20841,99.82953832958438,0.17666666666666667
20845,70.29603855544785,0.12
20846,75.70771415509053,0.235
20847,57.50578035075952,0.23
20848,52.29293746515113,0.27
20849,76.16856534486384,0.29
20850,99.52125635151886,0.09
20890,99.20135974011278,0.16
20940,98.05217431870962,0.155
20943,24.60372756966604,0.2
20944,55.78950986632077,0.14500000000000002
20948,40.34163859867096,0.25
20949,78.95957041937308,0.20666666666666667
20953,59.8275312160164,0.13
20954,81.53064518082661,0.17333333333333334
20956,65.03833700750623,0.19
20973,76.36769472238615,0.192
20974,71.0132209713342,0.2590909090909091
20975,82.65107204490877,0.2681818181818182
20976,75.38027650796184,0.2981818181818182
20977,69.17184751739359,0.3018181818181818
20978,77.09174005098299,0.2207142857142857
20979,70.22877773158537,0.21583333333333332
20980,63.95077457935008,0.21384615384615385
20981,62.79416967360197,0.25583333333333336
20982,60.521921463267134,0.24416666666666667
20988,52.04163461709229,0.15583333333333335
20989,4.064170832152164,0.45
20990,9.588269919366123,0.3318181818181818
20992,57.483587913205376,0.15181818181818182
21019,98.84614353274726,0.4385714285714286
21020,99.22023787793908,0.45
21022,72.73958892783116,0.19999999999999998
21023,51.35783384291446,0.17
21025,96.90927947659324,0.22999999999999998
21079,64.37588171790087,0.33666666666666667
21089,32.2454891195678,0.244
21099,71.8613466772579,0.4166666666666667
21167,89.66039964277012,0.28111111111111114
21203,91.05852359112298,0.18666666666666665
21269,61.72545710004884,0.35000000000000003
21271,56.92151802462244,0.3628571428571429
21273,44.83703746385896,0.39285714285714285
21347,52.56805681687106,0.39
21349,63.79871355362974,0.14
21366,71.20453878610337,0.15
21413,99.97428868316868,0.42
21461,99.82004277648277,0.23750000000000002
21485,98.30931462153586,0.438
21598,34.47336812558215,0.28
21599,4.095311649771367,0.47
21600,10.213435642148813,0.23
21601,8.44269699404655,0.23
21602,3.75197159490246,0.42
21661,95.1469878903484,0.158
21662,94.99985651759532,0.168
21680,60.19568224813244,0.2578571428571429
21681,41.97502690838802,0.24571428571428572
21684,5.545439271665727,-inf
21686,66.2930415034551,0.25384615384615383
21687,9.587386444463409,0.28500000000000003
21688,15.251960193079777,0.24000000000000002
21695,82.7935403650663,0.20714285714285713
21696,5.661573448648873,0.3025
21697,13.757177006591622,0.44
21698,77.13861589751339,0.19357142857142856
21699,68.87302825484434,0.1464285714285714
21700,4.546845159980337,0.195
21701,61.11479588591348,0.24250000000000002
21716,98.15056008569915,0.32125000000000004
21732,98.98560781699256,0.22
21831,98.77231480940316,0.38999999999999996
21866,83.82368231550723,0.2
21907,99.49973530062532,0.22
21908,98.34742010205652,0.19
21939,63.69017500227383,0.32
21940,99.85679055194802,0.31666666666666665
21971,99.522899979095,0.33
21988,98.5989782232392,0.37
22023,98.40411937473752,0.12666666666666668
22124,99.16220256280758,inf
22130,56.57415178500965,0.275
22134,93.47209353562543,0.4283333333333333
22135,20.467910650802157,0.31
22173,62.86457669461352,0.05
22174,99.7892850974026,0.34
22235,40.72314797879064,0.30777777777777776
22236,45.9054661413744,0.2777777777777778
22237,54.39353980949363,0.333
22265,51.949747237104006,0.178
22266,59.006022846017366,0.19000000000000003
22267,70.40973616883866,0.20099999999999998
22268,8.385382001261554,0.29
22318,79.02276416490618,0.2783333333333333
22329,76.43968718222808,0.18666666666666668
22330,66.7237203843615,0.12
22448,40.77627715965981,0.1
22453,78.54961040244251,0.2
22500,46.4184109700635,0.22
22508,98.08417781621972,0.28904761904761905
22510,95.1352511846949,0.3085714285714286
22536,63.01496607760642,0.3
22612,26.82924276324997,0.19000000000000003
22613,30.324018389569662,0.21666666666666667
22623,78.76577750329174,0.14923076923076922
22626,78.85893149409398,0.2925
22650,43.86243269926539,0.28
22688,76.59426954828278,0.217
22689,99.19014460645836,0.18857142857142858
22690,99.78728925925924,0.17
22780,87.63465192984118,0.3611111111111111
22815,99.67924227983347,0.13
22845,80.274397554178,0.16
22894,73.60187293638002,0.29666666666666663
22895,55.154808964487785,0.25
22896,66.60547402649264,0.24777777777777776
22898,50.05673300227266,0.35333333333333333
22899,80.70846997907047,0.2733333333333333
22900,68.87545481313448,0.22444444444444445
22901,71.4782728068403,0.23444444444444448
22960,31.95222285678172,0.17
22961,81.49724186252453,0.14714285714285716
22962,61.67123406255629,0.22142857142857145
22963,59.18645791304287,0.12666666666666668
22964,35.121832892075936,0.21875
22965,41.01343315310578,0.10571428571428572
23025,20.6124444944585,0.23199999999999998
23108,76.70099773268159,0.13285714285714287
23109,67.30134282887381,0.16357142857142856
23110,76.46299692474979,0.1576923076923077
23111,26.47386064764883,0.19999999999999998
23120,34.9295279833144,0.3078571428571429
23121,23.997111910377203,0.34785714285714286
23122,28.561154831327507,0.2664285714285714
23123,13.942020620851752,0.22375
23124,98.9516945441024,0.4244444444444444
23125,98.74359322530678,0.3766666666666667
23127,74.76359051966826,0.46444444444444444
23128,69.33642464765217,0.42444444444444446
23132,88.57001513437247,0.4011111111111111
23133,92.55925005091636,0.29500000000000004
23134,91.52472189748994,0.38222222222222224
23185,37.81009658494301,0.20750000000000002
23191,90.91465913177848,0.37666666666666665
23208,83.89340875051921,0.28923076923076924
23209,93.32993429363172,0.25384615384615383
23211,93.00081480847297,0.28583333333333333
23212,84.53841176211891,0.27
23213,92.93022285340288,0.3
23214,94.30160593337546,0.27499999999999997
23215,90.49517778880764,0.2975
23297,47.19016484981788,0.434
23316,31.79164384704021,0.2081818181818182
23317,11.6082509407563,0.4272727272727273
23318,56.27197958323613,0.31416666666666665
23340,84.68303074893734,0.19375
23341,85.52843245733517,0.15285714285714286
23371,92.05976138736756,0.2041666666666667
23379,83.33194607687521,0.3271428571428571
23380,74.61224753875398,0.3175
23381,77.54943667793522,0.284
23382,93.9235839294381,0.28
23561,99.53089568260744,0.13
23699,99.57892473503622,0.2938461538461538
23701,99.35317789868633,0.26
23702,98.95489286603376,0.26076923076923075
23703,99.16425620764312,0.26999999999999996
23704,99.69487303243054,0.3107692307692308
23705,99.2996243327506,0.27307692307692305
23706,99.87842767732268,0.29
23707,97.84519891956349,0.29230769230769227
23708,98.71266484715449,0.28923076923076924
23709,98.93470675762146,0.27307692307692305
23710,99.7488689072311,0.24615384615384617
23711,97.27191492866856,0.2830769230769231
23732,67.6923791646324,0.278
23733,62.11049877754266,0.2571428571428572
23734,69.69845767015391,0.3
23735,73.2634268765933,0.253
23736,56.011054605445615,0.26857142857142857
23737,88.87951080466135,0.274
23738,84.73104756739347,0.244
23739,60.53740240409861,0.18142857142857144
23740,87.11025826408242,0.263
23741,84.98062845219127,0.24875
23742,83.8729165913719,0.23625000000000002
23839,72.53052176330694,0.23200000000000004
23840,81.28151215820398,0.24
23841,75.4127643043061,inf
23842,74.49988499722429,inf
23843,71.4849700657218,inf
23844,75.56521098630347,0.20400000000000001
23846,69.64656503695963,0.252
23847,93.57569078764156,inf
23848,90.04054220399232,inf
23849,64.83141210822957,0.22000000000000003
23850,81.49158818097729,inf
23976,52.90712016721012,0.094
23977,68.16158400107257,0.078
23978,57.90235182257271,0.10333333333333333
23979,99.40595706684108,inf
23991,1.034748475860196,0.33499999999999996
24000,90.08968010923188,0.1
24003,58.70481246699306,0.185
24039,48.46326987519728,0.12333333333333334
24040,47.50961012476254,0.14166666666666666
24041,59.52354739248168,0.13333333333333333
24042,93.75271946359628,0.2733333333333334
24043,56.97275818480758,0.15166666666666667
24044,47.50850279010645,0.16
24045,55.25499198952191,0.125
24046,99.95858051767676,0.26166666666666666
24047,72.46773209287761,0.155
24049,99.91474890077517,0.17
24050,45.14037840330319,0.08666666666666667
24051,99.98384551767676,0.19666666666666666
24052,99.99150512820512,0.22333333333333336
24053,77.55087882849179,0.105
24054,99.98949343434344,0.21166666666666667
24086,59.773405642508926,0.35375
24087,68.3395631564301,0.31625000000000003
24088,53.92654358786567,0.2942857142857143
24089,99.40034685608194,0.22199999999999998
24090,67.07978229709005,0.21000000000000002
24091,72.54945066589428,0.24333333333333332
24092,64.6076800787229,0.2871428571428571
24093,57.31284756602531,0.31124999999999997
24102,30.088519130436524,0.3925
24103,50.3745445798758,0.2025
24104,50.0018073249548,0.20750000000000002
24105,50.94419718315213,0.2
24153,47.447533969128,0.304
24154,99.95445092592593,0.3725
24155,98.752140186774,0.3325
24169,38.08559285979841,0.275
24175,91.13211412998022,0.296
24190,95.423706287721,-inf
24191,51.50136418537945,0.10800000000000001
24193,30.073329507093785,0.15857142857142856
24204,26.96859077951586,0.147
24205,16.008819339948563,0.7299999999999999
24206,59.5665845186758,0.199
24207,29.40349596228719,0.236
24223,50.001560753559325,0.0
24257,63.60790441089755,0.21
24300,70.73551843043504,inf
24301,84.14808989422198,inf
24317,78.62278514947104,inf
24394,9.656474101228287,0.06333333333333334
24411,99.92751929292928,0.13
24444,46.24901065313831,0.20500000000000002
24446,77.09820904414495,0.25333333333333335
24476,75.5132129091769,0.4366666666666667
24477,87.7022856744669,0.41500000000000004
24478,99.94515666666666,0.12
24506,98.87916308561806,0.3814285714285714
24507,97.21662577413056,0.4633333333333334
24508,99.73420441346236,0.28
24541,89.64576312474513,0.195
24542,88.82734703378931,0.1825
24543,69.49082162215679,0.1625
24544,98.94025183168138,0.16999999999999998
24545,99.8036595528083,0.17500000000000002
24546,99.7065007936508,0.21500000000000002
24569,52.260024196187366,0.1388888888888889
24570,70.8302231010539,0.15000000000000002
24571,60.58066945363388,0.13875
24572,61.37726263294171,0.124
24573,18.59751422540409,0.10700000000000001
24574,57.340495570431024,0.11888888888888889
24575,71.6755342602162,0.13375
24650,73.8882533881318,0.065
24652,82.06240151975963,0.25
24670,29.77106157157241,0.135
24671,32.2768078450212,0.125
24672,18.07958642302143,0.16833333333333333
24673,38.316556291378745,0.11499999999999999
24674,39.25419928431175,0.14833333333333332
24685,74.98832042689604,0.2966666666666667
24686,71.49539546848142,0.21090909090909093
24688,78.38084383183447,0.2623076923076923
24689,78.37750451966515,0.2733333333333334
24690,73.59620484554483,0.23833333333333337
24691,80.75739813280127,0.25583333333333336
24692,75.89115628301906,0.27166666666666667
24693,78.0155284858315,0.16545454545454547
24694,86.41503575791785,0.24500000000000002
24695,80.2753057975487,0.2109090909090909
24761,48.66239548076178,0.32176470588235295
24762,78.82495967263404,0.1990909090909091
24763,77.2753551341117,0.18636363636363634
24764,81.38995180610269,0.16555555555555557
24765,32.34315152211524,0.18555555555555556
24766,81.99170140447616,0.16533333333333333
24767,80.41507277259548,0.19
24768,25.02442794308361,0.13874999999999998
24769,71.40960238006733,0.23166666666666666
24770,60.4925237941824,0.22428571428571428
24771,70.80196366352185,0.17875
24772,76.146455565818,0.15333333333333332
24773,84.80434763159971,0.17285714285714285
24774,81.18617181018863,0.19666666666666666
24775,76.229967314671,0.16
24776,80.36980195820236,0.20428571428571432
24777,81.98585928444369,0.22666666666666668
24778,76.69600792153706,0.18625
24808,81.40995705912117,0.22666666666666666
24814,90.67845875210212,0.3738461538461539
24815,92.08026470621056,0.29000000000000004
24819,99.2896256997904,0.45199999999999996
24834,84.0227558823409,0.40249999999999997
24836,70.45714921595287,0.34750000000000003
24886,99.5317865175565,0.30444444444444446
24888,99.67811995175846,0.32
24889,47.263391403510205,0.258
24890,48.04779516420199,0.092
24891,60.01037437605337,0.064
24946,74.48830803591821,0.19666666666666668
24948,99.17418893595486,0.09999999999999999
24949,39.78844642992085,0.76
24950,54.49055515210223,0.67
24965,99.55206581690682,0.36
24966,99.7503446957672,0.345
24987,93.94170213275888,0.11333333333333333
25019,35.87043958200241,0.296
25020,38.1405291794039,0.30999999999999994
25021,37.31152123165993,0.316
25022,35.503498434122506,0.372
25023,99.18755243931996,0.41
25024,99.32932693903318,0.4416666666666667
25025,97.86038892770904,0.45499999999999996
25049,89.85516018998446,0.3033333333333333
25050,67.6357677704676,0.25666666666666665
25051,62.4349897222241,0.32
25052,77.85808276628842,0.24666666666666667
25053,95.68169769480248,0.29
25054,92.77358116209751,0.29
25072,55.44800358023378,0.09
25073,89.03299074324666,0.04
25077,19.45569544583756,0.12666666666666668
25078,1.0613869402661604,0.23
25079,8.527765691239876,0.16666666666666666
25080,14.047090444613296,0.238
25081,3.935324004134837,0.305
25088,78.84115924954502,0.15333333333333335
25130,66.29771017521067,0.33571428571428574
25131,69.04556546499037,0.32142857142857145
25132,57.57906985593927,0.2957142857142857
25133,51.25786300466131,0.29714285714285715
25134,77.58088668070297,0.35285714285714287
25135,47.083726394009055,0.3757142857142857
25136,56.42202066609047,0.33285714285714285
25137,54.40480203513533,0.33
25138,57.77734512218172,0.39999999999999997
25139,57.861991123157885,0.32571428571428573
25140,57.37236478902477,0.45285714285714285
25141,67.75636833353455,0.4428571428571429
25142,61.54128069721527,0.43142857142857144
25143,61.339795456789616,0.39142857142857146
25144,60.76575239496183,0.4242857142857143
25145,44.94042539677012,0.27285714285714285
25146,68.22371813135909,0.3814285714285714
25148,59.75052567810026,0.3514285714285714
25149,80.96498589505924,0.33428571428571424
25150,67.94695179806035,0.3628571428571429
25181,97.97914701951098,0.21611111111111111
25182,99.45906997280495,0.20578947368421052
25183,59.62145572793532,0.20526315789473684
25187,55.25999930792664,0.23823529411764705
25189,98.22357962759465,0.25333333333333335
25204,97.30464032613082,0.28
25205,98.22132618046162,0.2866666666666667
25214,98.48506961591784,0.36
25217,20.69344475741351,0.41500000000000004
25258,41.078995396871214,0.32636363636363636
25273,72.75228432405606,0.03
25274,71.34098843557854,0.24
25307,27.065731313602125,0.31
25308,35.515583917163994,0.315
25309,33.72523224545764,0.3175
25310,25.807259334919035,0.20750000000000002
25311,31.38943346963712,0.3175
25312,24.261281404077955,0.3275
25313,57.41381074013562,0.3625
25314,30.775527048180034,0.20750000000000002
25315,47.11083194936754,0.275
25333,32.59891929587949,0.434
25334,56.2145676471114,0.308
25336,80.17306156891469,0.33499999999999996
25338,70.47270561563407,0.248
25353,96.04015774211894,0.3
25360,79.12543872850674,0.16444444444444445
25361,34.77453689842028,0.15000000000000002
25362,25.099855236851493,0.09555555555555556
25381,92.0444486419635,0.12
25391,85.62962537996506,0.268
25411,32.951149134945304,0.305
25419,98.82623773473532,0.11
25441,57.19652615629265,0.13
25442,45.57079870579584,0.0275
25552,57.94266602371283,0.01
25553,37.72151320253666,0.28
25567,36.42829701262472,0.352
25577,21.178798257786404,0.2
25578,27.00437839727656,0.23
25579,29.542820084440017,0.3
25580,30.3675656536475,0.0
25581,22.832098755840548,0.065
25582,29.28679995477036,0.14
25584,99.67329482082732,0.38
25613,98.450550771127,0.08333333333333333
25617,51.45200774719847,0.3333333333333333
25649,42.18096450420608,0.15
25706,16.372781569233428,0.248
25707,22.52616738725569,0.156
25708,20.86508903216215,0.156
25890,6.158807763331983,0.18
25895,25.43214627096759,0.3825
25896,37.11901653708979,0.274
25897,78.60715834323354,0.2475
25898,20.769245264068733,0.195
25901,5.232629460525425,0.186
25945,62.13159261217236,0.78
25999,98.40608408804158,0.266
26008,74.33832335039862,0.1775
26048,79.14363512527204,0.28
26049,65.59412887610637,0.25333333333333335
26051,99.9363154676315,0.2175
26052,99.7533961111111,0.22
26056,23.578571317454355,0.31428571428571433
26057,99.49445697092668,0.265
26058,99.52475847118568,0.2564285714285714
26059,17.58436591572642,0.32071428571428573
26060,99.29453276147868,0.25857142857142856
26061,98.1828743440491,0.265
26062,98.78741061123024,0.27285714285714285
26093,54.23256981276132,0.4685714285714286
26110,47.08162155801547,0.06
26165,74.1576780584225,0.17333333333333334
26166,70.31575577780382,0.21
26176,76.5312164099273,0.27666666666666667
26177,90.40800492809365,0.255
26180,93.20059651259248,0.20750000000000002
26215,45.84371103430713,1.07
26216,99.98749658119658,0.32
26218,59.80475173321707,0.17
26219,50.18721078256608,0.15333333333333335
26220,64.251037394476,0.17333333333333334
26221,47.73589811428126,0.17666666666666667
26238,76.8585489929406,0.205
26239,91.68544558259624,0.2785714285714286
26240,89.84215609338551,0.2333333333333333
26241,86.55267038263605,0.3
26242,82.37221427220113,0.2885714285714286
26243,85.3504584221646,0.22833333333333336
26244,72.62766104914662,0.28833333333333333
26245,75.1820512630166,0.248
26246,86.08054944143247,0.25857142857142856
26247,79.44831925597822,0.22
26248,75.76660461811878,0.3116666666666667
26249,68.31387471610506,0.2816666666666667
26250,73.46544423642533,0.2857142857142857
26251,65.92777197210181,0.32857142857142857
26252,74.03503992906603,0.2542857142857143
26253,44.12115780941194,0.3133333333333333
26254,37.65377604614353,0.27
26255,61.98962285630591,0.27
26256,72.41945988528487,0.30333333333333334
26257,51.02756745346971,0.225
26258,86.58986254808498,0.25142857142857145
26445,82.96934005023083,0.2544444444444445
26446,88.79963183173173,0.2466666666666667
26447,69.6921750057858,0.2725
26448,99.00902743948042,0.2188888888888889
26449,79.53823791830692,0.24000000000000002
26450,90.0001597373734,0.20555555555555557
26475,61.78674470535374,0.245
26477,60.68213699072714,0.23500000000000001
26479,64.18452699439445,0.2425
26480,60.88397165709018,0.20500000000000002
26481,52.5338262454675,0.2325
26482,68.51912120971826,0.1925
26483,52.86960620967186,0.26375
26491,84.81954612905994,0.23333333333333334
26510,63.93819767962406,0.24333333333333332
26511,68.38864600026201,0.26333333333333336
26512,56.3993938712016,0.255
26513,53.02488574944592,0.235
26514,78.77394917958607,0.22166666666666668
26515,84.86571033642839,0.22142857142857145
26516,88.6619224963852,0.17375
26551,85.46853690835414,0.2
26552,99.714510988159,0.04
26560,72.64721340489304,0.09
26561,71.82383008141642,0.12000000000000001
26567,55.04048031306298,0.15857142857142856
26568,39.25804588185393,0.18857142857142858
26569,82.76515550514166,0.215
26570,98.43232216296497,0.335
26571,43.3717089328138,0.42500000000000004
26574,96.91544010756992,0.64
26599,44.331095921945,0.29
26687,91.04840380886058,0.12
26690,99.35138251103218,0.04
26798,37.346999926759125,0.105
26818,52.39570953577257,0.33
26945,25.305797934111094,0.28
27000,36.97520118242411,-0.02333333333333333
27003,21.722973032024157,0.045
27019,11.313956688207012,0.072
27020,10.373821937119038,
27045,65.6125131793403,0.27
27082,98.36469000082982,0.31714285714285717
27083,98.90862198002978,0.3057142857142857
27084,99.36034170986424,0.30428571428571427
27085,87.37832093712603,0.32142857142857145
27146,58.25474202688981,0.162
27147,99.35732588753568,0.13
27148,58.7405334932116,0.132
27149,74.98874208115173,0.184
27150,72.04831652513016,0.154
27151,39.45984999852144,0.1475
27152,55.72521029313095,0.184
27153,61.48063448493876,0.15
27184,49.703743068005984,0.1925
27185,98.59899252396022,0.21500000000000002
27186,20.64593335420985,0.16666666666666666
27187,32.04014745097877,0.12
27189,78.72537585485892,0.20600000000000002
27190,84.03425908183122,0.156
27205,99.2221292488122,0.12000000000000001
27227,99.8933992002442,0.18666666666666668
27228,99.72260702491953,0.14333333333333334
27271,72.34859352183464,inf
27282,82.35614788433243,0.22400000000000003
27283,73.98808928110553,0.19666666666666666
27284,75.69390609934337,0.198
27285,94.63479485068346,0.246
27294,99.8513555041255,0.29545454545454547
27295,98.0333675125065,0.33
27296,99.68531097055444,0.2927272727272727
27297,98.74243992331743,0.30363636363636365
27298,99.6550579643069,0.28818181818181815
27299,99.80343183274783,0.3018181818181818
27300,99.62185690658468,0.33
27301,97.30045914067956,0.33181818181818185
27302,97.19488218360884,0.3181818181818182
27303,98.045816223534,0.33818181818181814
27304,94.62204291144856,0.33090909090909093
27305,99.24047156509882,0.32636363636363636
27325,75.00325726402238,0.03
27326,99.83367753427126,0.31
27327,98.43923538390426,0.19
27387,97.14570989393502,0.0
27413,81.35623980859656,0.23374999999999999
27414,97.78714952352658,0.18
27415,80.94489181834611,0.24444444444444446
27416,98.78558971410392,0.20666666666666667
27455,81.75016283219047,0.14692307692307693
27461,98.22314830403056,0.6166666666666667
27512,66.67622515311707,0.25
27549,66.51628831229688,0.24777777777777776
27550,80.67906061232554,0.23222222222222222
27551,67.94929139036658,0.25222222222222224
27552,84.12878291454999,0.11000000000000001
27553,61.44353847544888,0.06857142857142857
27555,64.62777967308061,0.19
27556,86.01970788780095,0.18833333333333332
27557,99.779549484078,0.35
27558,94.90685531374989,0.38666666666666666
27559,85.82587851795765,0.495
27560,99.83020778244632,0.1
27579,91.23528748856307,0.33
27582,37.05124036244398,0.38333333333333336
27583,36.02249313588124,0.3125
27584,67.98409667542,0.385
27604,82.07526181054772,0.07500000000000001
27605,99.95246494708994,0.14
27609,38.2703846421538,0.2
27650,41.64044029980166,0.08142857142857142
27656,87.52004806921201,0.23545454545454544
27657,90.59353680349012,0.261
27672,99.26154370504496,0.19
27688,99.96645583333334,0.0
27694,99.57670387963888,0.15666666666666668
27695,54.71114616749264,0.21
27696,99.9139466089466,-0.12200000000000003
27697,89.659339720368,0.19499999999999998
27698,83.99866427095421,0.11499999999999999
27699,53.58758279543172,0.136
27703,54.24062552973445,0.31
27704,99.9239165518278,0.08000000000000002
27705,84.13394689010521,0.2866666666666667
27706,50.158409351545686,0.25666666666666665
27707,84.92192731114386,0.18166666666666664
27708,74.85614273366613,0.13333333333333333
27720,66.8433859157022,0.33666666666666667
27729,85.40561402202265,0.33
27748,99.82000295297296,0.09
27754,79.52015188168558,0.32625000000000004
27755,89.7190977676711,0.3375
27756,89.51878016992572,0.3425
27757,84.36924467899344,0.3125
27758,99.06943637890356,0.31625
27760,69.97583356134902,0.2975
27762,8.250773399914646,0.27
27764,66.34391942497102,0.2744444444444445
27766,24.717584457713464,0.1842857142857143
27767,71.39406106043576,0.2025
27797,88.12069200649715,0.285
27804,99.50155503112356,0.144
27880,92.78918412606772,0.185
27881,84.16853662556397,0.30000000000000004
27882,99.45864061133312,0.34400000000000003
27885,94.20736410022435,0.33
27886,89.07486871359811,0.23666666666666666
27892,99.59543304261096,0.20666666666666667
27893,98.28103171781378,0.27999999999999997
27903,73.13932324146984,0.12
27959,75.65620653594499,0.3375
27960,64.1950943116501,0.404
27974,41.16576496463737,0.31
27975,49.53030092101496,0.3
27976,47.584622915192135,0.26
28035,91.25922921323064,0.2866666666666667
28063,74.18537905971897,0.29
28064,97.18846400327318,0.27
28065,98.78893459461834,0.21
28066,96.15236391934472,0.19
28067,98.8635111683605,0.16
28068,72.95798650152953,0.21
28069,77.59133015819886,0.24
28070,78.07325291076225,0.25
28071,75.81277477173684,0.40249999999999997
28072,73.99160416306721,0.3525
28073,80.47690700495973,0.255
28074,75.1902779767399,0.275
28075,81.07843458028717,0.225
28076,79.65746966480802,0.245
28280,66.41795807109956,0.30875
28281,74.6678186419209,0.3211111111111111
28304,71.26531034814319,0.11
28305,99.2846019022644,0.14500000000000002
28306,72.09618617066484,0.195
28476,23.662991976299992,0.1285714285714286
28477,26.072895782052356,0.11
28492,41.88457230549778,0.03
28493,41.809272249224506,0.04
28601,75.69063579346492,0.125
28602,47.31431387480428,0.03
28609,98.66410890656184,-0.06399999999999999
28611,73.76365323205546,0.365
28718,94.65378313541382,0.10666666666666667
28719,60.27346468416923,0.1275
28723,98.34010809687042,0.32
28724,95.52616615204828,0.17
28726,65.58344828215245,0.18333333333333335
28766,99.76639994098493,0.355
28793,99.33066652828651,0.23
28834,74.50253520346065,0.31583333333333335
28835,68.28814459589528,0.30727272727272725
28843,88.89854096997541,0.135
28844,92.50140870278756,0.1375
28852,58.952659045208605,0.25
28869,89.72538773567913,0.14
28943,95.48872459852508,0.27
29099,92.90498095830476,0.3
29108,96.11203704933686,0.335
29109,98.30827480574304,0.255
29110,98.78427758320922,0.265
29212,70.40580243067507,0.258
29213,29.78174905651068,0.22
29215,73.2308394253691,0.188
29216,28.082042382745403,0.2833333333333333
29221,52.46928706765869,0.35
29244,90.28474200573986,0.22142857142857145
29263,99.44455982212234,0.11666666666666665
29265,98.81961871048338,0.2525
29438,57.74888818278401,0.09
29451,98.67662523351632,0.25
29452,96.7526216242905,0.295
29579,94.2162872005558,-0.22499999999999998
29619,99.53248151182696,0.19
29873,71.53967330138146,0.256
29874,36.6042512782283,0.316
